filename,label
s2tld_000779.jpg,no_sign
s2tld_000780.jpg,no_sign
s2tld_000781.jpg,no_sign
s2tld_000782.jpg,no_sign
s2tld_000783.jpg,no_sign
s2tld_000784.jpg,no_sign
s2tld_000785.jpg,no_sign
s2tld_000786.jpg,no_sign
s2tld_000787.jpg,no_sign
s2tld_000788.jpg,no_sign
s2tld_000789.jpg,no_sign
s2tld_000790.jpg,no_sign
s2tld_000791.jpg,no_sign
s2tld_000792.jpg,no_sign
s2tld_000793.jpg,no_sign
s2tld_000794.jpg,no_sign
s2tld_000795.jpg,no_sign
s2tld_000796.jpg,no_sign
s2tld_000797.jpg,no_sign
s2tld_000798.jpg,no_sign
s2tld_000799.jpg,no_sign
s2tld_000800.jpg,no_sign
s2tld_000801.jpg,no_sign
s2tld_000802.jpg,no_sign
s2tld_000803.jpg,no_sign
s2tld_000804.jpg,no_sign
s2tld_000805.jpg,no_sign
s2tld_000806.jpg,no_sign
s2tld_000807.jpg,no_sign
s2tld_000808.jpg,no_sign
s2tld_000809.jpg,no_sign
s2tld_000810.jpg,no_sign
s2tld_000811.jpg,no_sign
s2tld_000812.jpg,no_sign
s2tld_000813.jpg,no_sign
s2tld_000814.jpg,no_sign
s2tld_000815.jpg,no_sign
s2tld_000816.jpg,no_sign
s2tld_000817.jpg,no_sign
s2tld_000818.jpg,no_sign
s2tld_000819.jpg,no_sign
s2tld_000820.jpg,no_sign
s2tld_000821.jpg,no_sign
s2tld_000822.jpg,no_sign
s2tld_000823.jpg,no_sign
s2tld_000824.jpg,no_sign
s2tld_000825.jpg,no_sign
s2tld_000826.jpg,no_sign
s2tld_000827.jpg,no_sign
s2tld_000828.jpg,no_sign
s2tld_000829.jpg,no_sign
s2tld_000830.jpg,no_sign
s2tld_000831.jpg,no_sign
s2tld_000832.jpg,no_sign
s2tld_000833.jpg,no_sign
s2tld_000834.jpg,no_sign
s2tld_000835.jpg,no_sign
s2tld_000836.jpg,no_sign
s2tld_000837.jpg,no_sign
s2tld_000838.jpg,no_sign
s2tld_000839.jpg,no_sign
s2tld_000840.jpg,no_sign
s2tld_000841.jpg,no_sign
s2tld_000842.jpg,no_sign
s2tld_000843.jpg,no_sign
s2tld_000844.jpg,no_sign
s2tld_000845.jpg,no_sign
s2tld_000846.jpg,no_sign
s2tld_000847.jpg,no_sign
s2tld_000848.jpg,no_sign
s2tld_000849.jpg,no_sign
s2tld_000850.jpg,no_sign
s2tld_000851.jpg,no_sign
s2tld_000852.jpg,no_sign
s2tld_000853.jpg,no_sign
s2tld_000854.jpg,no_sign
s2tld_000855.jpg,no_sign
s2tld_000856.jpg,no_sign
s2tld_000857.jpg,no_sign
s2tld_000858.jpg,no_sign
s2tld_000859.jpg,no_sign
s2tld_000860.jpg,no_sign
s2tld_000861.jpg,no_sign
s2tld_000862.jpg,no_sign
s2tld_000863.jpg,no_sign
s2tld_000864.jpg,no_sign
s2tld_000865.jpg,no_sign
s2tld_000866.jpg,no_sign
s2tld_000867.jpg,no_sign
s2tld_000868.jpg,no_sign
s2tld_000869.jpg,no_sign
s2tld_000870.jpg,no_sign
s2tld_000871.jpg,no_sign
s2tld_000872.jpg,no_sign
s2tld_000873.jpg,no_sign
s2tld_000874.jpg,no_sign
s2tld_000875.jpg,no_sign
s2tld_000876.jpg,no_sign
s2tld_000877.jpg,no_sign
s2tld_000878.jpg,no_sign
s2tld_000879.jpg,no_sign
s2tld_000880.jpg,no_sign
s2tld_000881.jpg,no_sign
s2tld_000882.jpg,no_sign
s2tld_000883.jpg,no_sign
s2tld_000884.jpg,no_sign
s2tld_000885.jpg,no_sign
s2tld_000886.jpg,no_sign
s2tld_000887.jpg,no_sign
s2tld_000888.jpg,no_sign
s2tld_000889.jpg,no_sign
s2tld_000890.jpg,no_sign
s2tld_000891.jpg,no_sign
s2tld_000892.jpg,no_sign
s2tld_000893.jpg,no_sign
s2tld_000894.jpg,no_sign
s2tld_000895.jpg,no_sign
s2tld_000896.jpg,no_sign
s2tld_000897.jpg,no_sign
s2tld_000898.jpg,no_sign
s2tld_000899.jpg,no_sign
s2tld_000900.jpg,no_sign
s2tld_000901.jpg,no_sign
s2tld_000902.jpg,no_sign
s2tld_000903.jpg,no_sign
s2tld_000904.jpg,no_sign
s2tld_000905.jpg,no_sign
s2tld_000906.jpg,no_sign
s2tld_000907.jpg,no_sign
s2tld_000908.jpg,no_sign
s2tld_000909.jpg,no_sign
s2tld_000910.jpg,no_sign
s2tld_000911.jpg,no_sign
s2tld_000912.jpg,no_sign
s2tld_000913.jpg,no_sign
s2tld_000914.jpg,no_sign
s2tld_000915.jpg,no_sign
s2tld_000916.jpg,no_sign
s2tld_000917.jpg,no_sign
s2tld_000918.jpg,no_sign
s2tld_000919.jpg,no_sign
s2tld_000920.jpg,no_sign
s2tld_000921.jpg,no_sign
s2tld_000922.jpg,no_sign
s2tld_000923.jpg,no_sign
s2tld_000924.jpg,no_sign
s2tld_000925.jpg,no_sign
s2tld_000926.jpg,no_sign
s2tld_000927.jpg,no_sign
s2tld_000928.jpg,no_sign
s2tld_000929.jpg,no_sign
s2tld_000930.jpg,no_sign
s2tld_000931.jpg,no_sign
s2tld_000932.jpg,no_sign
s2tld_000933.jpg,no_sign
s2tld_000934.jpg,no_sign
s2tld_000935.jpg,no_sign
s2tld_000936.jpg,no_sign
s2tld_000937.jpg,no_sign
s2tld_000938.jpg,no_sign
s2tld_000939.jpg,no_sign
s2tld_000940.jpg,no_sign
s2tld_000941.jpg,no_sign
s2tld_000942.jpg,no_sign
s2tld_000943.jpg,no_sign
s2tld_000944.jpg,no_sign
s2tld_000945.jpg,no_sign
s2tld_000946.jpg,no_sign
s2tld_000947.jpg,no_sign
s2tld_000948.jpg,no_sign
s2tld_000949.jpg,no_sign
s2tld_000950.jpg,no_sign
s2tld_000951.jpg,no_sign
s2tld_000952.jpg,no_sign
s2tld_000953.jpg,no_sign
s2tld_000954.jpg,no_sign
s2tld_000955.jpg,no_sign
s2tld_000956.jpg,no_sign
s2tld_000957.jpg,no_sign
s2tld_000958.jpg,no_sign
s2tld_000959.jpg,no_sign
s2tld_000960.jpg,no_sign
s2tld_000961.jpg,no_sign
s2tld_000962.jpg,no_sign
s2tld_000963.jpg,no_sign
s2tld_000964.jpg,no_sign
s2tld_000965.jpg,no_sign
s2tld_000966.jpg,no_sign
s2tld_000967.jpg,no_sign
s2tld_000968.jpg,no_sign
s2tld_000969.jpg,no_sign
s2tld_000970.jpg,no_sign
s2tld_000971.jpg,no_sign
s2tld_000972.jpg,no_sign
s2tld_000973.jpg,no_sign
s2tld_000974.jpg,no_sign
s2tld_000975.jpg,no_sign
s2tld_000976.jpg,no_sign
s2tld_000977.jpg,no_sign
s2tld_000978.jpg,no_sign
s2tld_000979.jpg,no_sign
s2tld_000980.jpg,no_sign
s2tld_000981.jpg,no_sign
s2tld_000982.jpg,no_sign
s2tld_000983.jpg,no_sign
s2tld_000984.jpg,no_sign
s2tld_000985.jpg,no_sign
s2tld_000986.jpg,no_sign
s2tld_000987.jpg,no_sign
s2tld_000988.jpg,no_sign
s2tld_000989.jpg,no_sign
s2tld_000990.jpg,no_sign
s2tld_000991.jpg,no_sign
s2tld_000992.jpg,no_sign
s2tld_000993.jpg,no_sign
s2tld_000994.jpg,no_sign
s2tld_000995.jpg,no_sign
s2tld_000996.jpg,no_sign
s2tld_000997.jpg,no_sign
s2tld_000998.jpg,no_sign
s2tld_000999.jpg,no_sign
s2tld_001000.jpg,no_sign
s2tld_001001.jpg,no_sign
s2tld_001002.jpg,no_sign
s2tld_001003.jpg,no_sign
s2tld_001004.jpg,no_sign
s2tld_001005.jpg,no_sign
s2tld_001006.jpg,no_sign
s2tld_001007.jpg,no_sign
s2tld_001008.jpg,no_sign
s2tld_001009.jpg,no_sign
s2tld_001010.jpg,no_sign
s2tld_001011.jpg,no_sign
s2tld_001012.jpg,no_sign
s2tld_001013.jpg,no_sign
s2tld_001014.jpg,no_sign
s2tld_001015.jpg,no_sign
s2tld_001016.jpg,no_sign
s2tld_001017.jpg,no_sign
s2tld_001018.jpg,no_sign
s2tld_001019.jpg,no_sign
s2tld_001020.jpg,no_sign
s2tld_001021.jpg,no_sign
s2tld_001022.jpg,no_sign
s2tld_001023.jpg,no_sign
s2tld_001024.jpg,no_sign
s2tld_001025.jpg,no_sign
s2tld_001026.jpg,no_sign
s2tld_001027.jpg,no_sign
s2tld_001028.jpg,no_sign
s2tld_001029.jpg,no_sign
s2tld_001030.jpg,no_sign
s2tld_001031.jpg,no_sign
s2tld_001032.jpg,no_sign
s2tld_001033.jpg,no_sign
s2tld_001034.jpg,no_sign
s2tld_001035.jpg,no_sign
s2tld_001036.jpg,no_sign
s2tld_001037.jpg,no_sign
s2tld_001038.jpg,no_sign
s2tld_001039.jpg,no_sign
s2tld_001040.jpg,no_sign
s2tld_001041.jpg,no_sign
s2tld_001042.jpg,no_sign
s2tld_001043.jpg,no_sign
s2tld_001044.jpg,no_sign
s2tld_001045.jpg,no_sign
s2tld_001046.jpg,no_sign
s2tld_001047.jpg,no_sign
s2tld_001048.jpg,no_sign
s2tld_001049.jpg,no_sign
s2tld_001050.jpg,no_sign
s2tld_001051.jpg,no_sign
s2tld_001052.jpg,no_sign
s2tld_001053.jpg,no_sign
s2tld_001054.jpg,no_sign
s2tld_001055.jpg,no_sign
s2tld_001056.jpg,no_sign
s2tld_001057.jpg,no_sign
s2tld_001058.jpg,no_sign
s2tld_001059.jpg,no_sign
s2tld_001060.jpg,no_sign
s2tld_001061.jpg,no_sign
s2tld_001062.jpg,no_sign
s2tld_001063.jpg,no_sign
s2tld_001064.jpg,no_sign
s2tld_001065.jpg,no_sign
s2tld_001066.jpg,no_sign
s2tld_001067.jpg,no_sign
s2tld_001068.jpg,no_sign
s2tld_001069.jpg,no_sign
s2tld_001070.jpg,no_sign
s2tld_001071.jpg,no_sign
s2tld_001072.jpg,no_sign
s2tld_001073.jpg,no_sign
s2tld_001074.jpg,no_sign
s2tld_001075.jpg,no_sign
s2tld_001076.jpg,no_sign
s2tld_001077.jpg,no_sign
s2tld_001078.jpg,no_sign
s2tld_001079.jpg,no_sign
s2tld_001080.jpg,no_sign
s2tld_001081.jpg,no_sign
s2tld_001082.jpg,no_sign
s2tld_001083.jpg,no_sign
s2tld_001084.jpg,no_sign
s2tld_001085.jpg,no_sign
s2tld_001086.jpg,no_sign
s2tld_001087.jpg,no_sign
s2tld_001088.jpg,no_sign
s2tld_001089.jpg,no_sign
s2tld_001090.jpg,no_sign
s2tld_001091.jpg,no_sign
s2tld_001092.jpg,no_sign
s2tld_001093.jpg,no_sign
s2tld_001094.jpg,no_sign
s2tld_001095.jpg,no_sign
s2tld_001096.jpg,no_sign
s2tld_001097.jpg,no_sign
s2tld_001098.jpg,no_sign
s2tld_001099.jpg,no_sign
s2tld_001100.jpg,no_sign
s2tld_001101.jpg,no_sign
s2tld_001102.jpg,no_sign
s2tld_001103.jpg,no_sign
s2tld_001104.jpg,no_sign
s2tld_001105.jpg,no_sign
s2tld_001106.jpg,no_sign
s2tld_001107.jpg,no_sign
s2tld_001108.jpg,no_sign
s2tld_001109.jpg,no_sign
s2tld_001110.jpg,no_sign
s2tld_001111.jpg,no_sign
s2tld_001112.jpg,no_sign
s2tld_001113.jpg,no_sign
s2tld_001114.jpg,no_sign
s2tld_001115.jpg,no_sign
s2tld_001116.jpg,no_sign
s2tld_001117.jpg,no_sign
s2tld_001118.jpg,no_sign
s2tld_001119.jpg,no_sign
s2tld_001120.jpg,no_sign
s2tld_001121.jpg,no_sign
s2tld_001122.jpg,no_sign
s2tld_001123.jpg,no_sign
s2tld_001124.jpg,no_sign
s2tld_001125.jpg,no_sign
s2tld_001126.jpg,no_sign
s2tld_001127.jpg,no_sign
s2tld_001128.jpg,no_sign
s2tld_001129.jpg,no_sign
s2tld_001130.jpg,no_sign
s2tld_001131.jpg,no_sign
s2tld_001132.jpg,no_sign
s2tld_001133.jpg,no_sign
s2tld_001134.jpg,no_sign
s2tld_001135.jpg,no_sign
s2tld_001136.jpg,no_sign
s2tld_001137.jpg,no_sign
s2tld_001138.jpg,no_sign
s2tld_001139.jpg,no_sign
s2tld_001140.jpg,no_sign
s2tld_001141.jpg,no_sign
s2tld_001142.jpg,no_sign
s2tld_001143.jpg,no_sign
s2tld_001144.jpg,no_sign
s2tld_001145.jpg,no_sign
s2tld_001146.jpg,no_sign
s2tld_001147.jpg,no_sign
s2tld_001148.jpg,no_sign
s2tld_001149.jpg,no_sign
s2tld_001150.jpg,no_sign
s2tld_001151.jpg,no_sign
s2tld_001152.jpg,no_sign
s2tld_001153.jpg,no_sign
s2tld_001154.jpg,no_sign
s2tld_001155.jpg,no_sign
s2tld_001156.jpg,no_sign
s2tld_001157.jpg,no_sign
s2tld_001158.jpg,no_sign
s2tld_001159.jpg,no_sign
s2tld_001160.jpg,no_sign
s2tld_001161.jpg,no_sign
s2tld_001162.jpg,no_sign
s2tld_001163.jpg,no_sign
s2tld_001164.jpg,no_sign
s2tld_001165.jpg,no_sign
s2tld_001166.jpg,no_sign
s2tld_001167.jpg,no_sign
s2tld_001168.jpg,no_sign
s2tld_001169.jpg,no_sign
s2tld_001170.jpg,no_sign
s2tld_001171.jpg,no_sign
s2tld_001172.jpg,no_sign
s2tld_001173.jpg,no_sign
s2tld_001174.jpg,no_sign
s2tld_001175.jpg,no_sign
s2tld_001176.jpg,no_sign
s2tld_001177.jpg,no_sign
s2tld_001178.jpg,no_sign
s2tld_001179.jpg,no_sign
s2tld_001180.jpg,no_sign
s2tld_001181.jpg,no_sign
s2tld_001182.jpg,no_sign
s2tld_001183.jpg,no_sign
s2tld_001184.jpg,no_sign
s2tld_001185.jpg,no_sign
s2tld_001186.jpg,no_sign
s2tld_001187.jpg,no_sign
s2tld_001188.jpg,no_sign
s2tld_001189.jpg,no_sign
s2tld_001190.jpg,no_sign
s2tld_001191.jpg,no_sign
s2tld_001192.jpg,no_sign
s2tld_001193.jpg,no_sign
s2tld_001194.jpg,no_sign
s2tld_001195.jpg,no_sign
s2tld_001196.jpg,no_sign
s2tld_001197.jpg,no_sign
s2tld_001198.jpg,no_sign
s2tld_001199.jpg,no_sign
s2tld_001200.jpg,no_sign
s2tld_001201.jpg,no_sign
s2tld_001202.jpg,no_sign
s2tld_001203.jpg,no_sign
s2tld_001204.jpg,no_sign
s2tld_001205.jpg,no_sign
s2tld_001206.jpg,no_sign
s2tld_001207.jpg,no_sign
s2tld_001208.jpg,no_sign
s2tld_001209.jpg,no_sign
s2tld_001210.jpg,no_sign
s2tld_001211.jpg,no_sign
s2tld_001212.jpg,no_sign
s2tld_001213.jpg,no_sign
s2tld_001214.jpg,no_sign
s2tld_001215.jpg,no_sign
s2tld_001216.jpg,no_sign
s2tld_001217.jpg,no_sign
s2tld_001218.jpg,no_sign
s2tld_001219.jpg,no_sign
s2tld_001220.jpg,no_sign
s2tld_001221.jpg,no_sign
s2tld_001222.jpg,no_sign
s2tld_001223.jpg,no_sign
s2tld_001224.jpg,no_sign
s2tld_001225.jpg,no_sign
s2tld_001226.jpg,no_sign
s2tld_001227.jpg,no_sign
s2tld_001228.jpg,no_sign
s2tld_001229.jpg,no_sign
s2tld_001230.jpg,no_sign
s2tld_001231.jpg,no_sign
s2tld_001232.jpg,no_sign
s2tld_001233.jpg,no_sign
s2tld_001234.jpg,no_sign
s2tld_001235.jpg,no_sign
s2tld_001236.jpg,no_sign
s2tld_001237.jpg,no_sign
s2tld_001238.jpg,no_sign
s2tld_001239.jpg,no_sign
s2tld_001240.jpg,no_sign
s2tld_001241.jpg,no_sign
s2tld_001242.jpg,no_sign
s2tld_001243.jpg,no_sign
s2tld_001244.jpg,no_sign
s2tld_001245.jpg,no_sign
s2tld_001246.jpg,no_sign
s2tld_001247.jpg,no_sign
s2tld_001248.jpg,no_sign
s2tld_001249.jpg,no_sign
s2tld_001250.jpg,no_sign
s2tld_001251.jpg,no_sign
s2tld_001252.jpg,no_sign
s2tld_001253.jpg,no_sign
s2tld_001254.jpg,no_sign
s2tld_001255.jpg,no_sign
s2tld_001256.jpg,no_sign
s2tld_001257.jpg,no_sign
s2tld_001258.jpg,no_sign
s2tld_001259.jpg,no_sign
s2tld_001260.jpg,no_sign
s2tld_001261.jpg,no_sign
s2tld_001262.jpg,no_sign
s2tld_001263.jpg,no_sign
s2tld_001264.jpg,no_sign
s2tld_001265.jpg,no_sign
s2tld_001266.jpg,no_sign
s2tld_001267.jpg,no_sign
s2tld_001268.jpg,no_sign
s2tld_001269.jpg,no_sign
s2tld_001270.jpg,no_sign
s2tld_001271.jpg,no_sign
s2tld_001272.jpg,no_sign
s2tld_001273.jpg,no_sign
s2tld_001274.jpg,no_sign
s2tld_001275.jpg,no_sign
s2tld_001276.jpg,no_sign
s2tld_001277.jpg,no_sign
s2tld_001278.jpg,no_sign
s2tld_001279.jpg,no_sign
s2tld_001280.jpg,no_sign
s2tld_001281.jpg,no_sign
s2tld_001282.jpg,no_sign
s2tld_001283.jpg,no_sign
s2tld_001284.jpg,no_sign
s2tld_001285.jpg,no_sign
s2tld_001286.jpg,no_sign
s2tld_001287.jpg,no_sign
s2tld_001288.jpg,no_sign
s2tld_001289.jpg,no_sign
s2tld_001290.jpg,no_sign
s2tld_001291.jpg,no_sign
s2tld_001292.jpg,no_sign
s2tld_001293.jpg,no_sign
s2tld_001294.jpg,no_sign
s2tld_001295.jpg,no_sign
s2tld_001296.jpg,no_sign
s2tld_001297.jpg,no_sign
s2tld_001298.jpg,no_sign
s2tld_001299.jpg,no_sign
s2tld_001300.jpg,no_sign
s2tld_001301.jpg,no_sign
s2tld_001302.jpg,no_sign
s2tld_001303.jpg,no_sign
s2tld_001304.jpg,no_sign
s2tld_001305.jpg,no_sign
s2tld_001306.jpg,no_sign
s2tld_001307.jpg,no_sign
s2tld_001308.jpg,no_sign
s2tld_001309.jpg,no_sign
s2tld_001310.jpg,no_sign
s2tld_001311.jpg,no_sign
s2tld_001312.jpg,no_sign
s2tld_001313.jpg,no_sign
s2tld_001314.jpg,no_sign
s2tld_001315.jpg,no_sign
s2tld_001316.jpg,no_sign
s2tld_001317.jpg,no_sign
s2tld_001318.jpg,no_sign
s2tld_001319.jpg,no_sign
s2tld_001320.jpg,no_sign
s2tld_001321.jpg,no_sign
s2tld_001322.jpg,no_sign
s2tld_001323.jpg,no_sign
s2tld_001324.jpg,no_sign
s2tld_001325.jpg,no_sign
s2tld_001326.jpg,no_sign
s2tld_001327.jpg,no_sign
s2tld_001328.jpg,no_sign
s2tld_001329.jpg,no_sign
s2tld_001330.jpg,no_sign
s2tld_001331.jpg,no_sign
s2tld_001332.jpg,no_sign
s2tld_001333.jpg,no_sign
s2tld_001334.jpg,no_sign
s2tld_001335.jpg,no_sign
s2tld_001336.jpg,no_sign
s2tld_001337.jpg,no_sign
s2tld_001338.jpg,no_sign
s2tld_001339.jpg,no_sign
s2tld_001340.jpg,no_sign
s2tld_001341.jpg,no_sign
s2tld_001342.jpg,no_sign
s2tld_001343.jpg,no_sign
s2tld_001344.jpg,no_sign
s2tld_001345.jpg,no_sign
s2tld_001346.jpg,no_sign
s2tld_001347.jpg,no_sign
s2tld_001348.jpg,no_sign
s2tld_001349.jpg,no_sign
s2tld_001350.jpg,no_sign
s2tld_001351.jpg,no_sign
s2tld_001352.jpg,no_sign
s2tld_001353.jpg,no_sign
s2tld_001354.jpg,no_sign
s2tld_001355.jpg,no_sign
s2tld_001356.jpg,no_sign
s2tld_001357.jpg,no_sign
s2tld_001358.jpg,no_sign
s2tld_001359.jpg,no_sign
s2tld_001360.jpg,no_sign
s2tld_001361.jpg,no_sign
s2tld_001362.jpg,no_sign
s2tld_001363.jpg,no_sign
s2tld_001364.jpg,no_sign
s2tld_001365.jpg,no_sign
s2tld_001366.jpg,no_sign
s2tld_001367.jpg,no_sign
s2tld_001368.jpg,no_sign
s2tld_001369.jpg,no_sign
s2tld_001370.jpg,no_sign
s2tld_001371.jpg,no_sign
s2tld_001372.jpg,no_sign
s2tld_001373.jpg,no_sign
s2tld_001374.jpg,no_sign
s2tld_001375.jpg,no_sign
s2tld_001376.jpg,no_sign
s2tld_001377.jpg,no_sign
s2tld_001378.jpg,no_sign
s2tld_001379.jpg,no_sign
s2tld_001380.jpg,no_sign
s2tld_001381.jpg,no_sign
s2tld_001382.jpg,no_sign
s2tld_001383.jpg,no_sign
s2tld_001384.jpg,no_sign
s2tld_001385.jpg,no_sign
s2tld_001386.jpg,no_sign
s2tld_001387.jpg,no_sign
s2tld_001388.jpg,no_sign
s2tld_001389.jpg,no_sign
s2tld_001390.jpg,no_sign
s2tld_001391.jpg,no_sign
s2tld_001392.jpg,no_sign
s2tld_001393.jpg,no_sign
s2tld_001394.jpg,no_sign
s2tld_001395.jpg,no_sign
s2tld_001396.jpg,no_sign
s2tld_001397.jpg,no_sign
s2tld_001398.jpg,no_sign
s2tld_001399.jpg,no_sign
s2tld_001400.jpg,no_sign
s2tld_001401.jpg,no_sign
s2tld_001402.jpg,no_sign
s2tld_001403.jpg,no_sign
s2tld_001404.jpg,no_sign
s2tld_001405.jpg,no_sign
s2tld_001406.jpg,no_sign
s2tld_001407.jpg,no_sign
s2tld_001408.jpg,no_sign
s2tld_001409.jpg,no_sign
s2tld_001410.jpg,no_sign
s2tld_001411.jpg,no_sign
s2tld_001412.jpg,no_sign
s2tld_001413.jpg,no_sign
s2tld_001414.jpg,no_sign
s2tld_001415.jpg,no_sign
s2tld_001416.jpg,no_sign
s2tld_001417.jpg,no_sign
s2tld_001418.jpg,no_sign
s2tld_001419.jpg,no_sign
s2tld_001420.jpg,no_sign
s2tld_001421.jpg,no_sign
s2tld_001422.jpg,no_sign
s2tld_001423.jpg,no_sign
s2tld_001424.jpg,no_sign
s2tld_001425.jpg,no_sign
s2tld_001426.jpg,no_sign
s2tld_001427.jpg,no_sign
s2tld_001428.jpg,no_sign
s2tld_001429.jpg,no_sign
s2tld_001430.jpg,no_sign
s2tld_001431.jpg,no_sign
s2tld_001432.jpg,no_sign
s2tld_001433.jpg,no_sign
s2tld_001434.jpg,no_sign
s2tld_001435.jpg,no_sign
s2tld_001436.jpg,no_sign
s2tld_001437.jpg,no_sign
s2tld_001438.jpg,no_sign
s2tld_001439.jpg,no_sign
s2tld_001440.jpg,no_sign
s2tld_001441.jpg,no_sign
s2tld_001442.jpg,no_sign
s2tld_001443.jpg,no_sign
s2tld_001444.jpg,no_sign
s2tld_001445.jpg,no_sign
s2tld_001446.jpg,no_sign
s2tld_001447.jpg,no_sign
s2tld_001448.jpg,no_sign
s2tld_001449.jpg,no_sign
s2tld_001450.jpg,no_sign
s2tld_001451.jpg,no_sign
s2tld_001452.jpg,no_sign
s2tld_001453.jpg,no_sign
s2tld_001454.jpg,no_sign
s2tld_001455.jpg,no_sign
s2tld_001456.jpg,no_sign
s2tld_001457.jpg,no_sign
s2tld_001458.jpg,no_sign
s2tld_001459.jpg,no_sign
s2tld_001460.jpg,no_sign
s2tld_001461.jpg,no_sign
s2tld_001462.jpg,no_sign
s2tld_001463.jpg,no_sign
s2tld_001464.jpg,no_sign
s2tld_001465.jpg,no_sign
s2tld_001466.jpg,no_sign
s2tld_001467.jpg,no_sign
s2tld_001468.jpg,no_sign
s2tld_001469.jpg,no_sign
s2tld_001470.jpg,no_sign
s2tld_001471.jpg,no_sign
s2tld_001472.jpg,no_sign
s2tld_001473.jpg,no_sign
s2tld_001474.jpg,no_sign
s2tld_001475.jpg,no_sign
s2tld_001476.jpg,no_sign
s2tld_001477.jpg,no_sign
s2tld_001478.jpg,no_sign
s2tld_001479.jpg,no_sign
s2tld_001480.jpg,no_sign
s2tld_001481.jpg,no_sign
s2tld_001482.jpg,no_sign
s2tld_001483.jpg,no_sign
s2tld_001484.jpg,no_sign
s2tld_001485.jpg,no_sign
s2tld_001486.jpg,no_sign
s2tld_001487.jpg,no_sign
s2tld_001488.jpg,no_sign
s2tld_001489.jpg,no_sign
s2tld_001490.jpg,no_sign
s2tld_001491.jpg,no_sign
s2tld_001492.jpg,no_sign
s2tld_001493.jpg,no_sign
s2tld_001494.jpg,no_sign
s2tld_001495.jpg,no_sign
s2tld_001496.jpg,no_sign
s2tld_001497.jpg,no_sign
s2tld_001498.jpg,no_sign
s2tld_001499.jpg,no_sign
s2tld_001500.jpg,no_sign
s2tld_001501.jpg,no_sign
s2tld_001502.jpg,no_sign
s2tld_001503.jpg,no_sign
s2tld_001504.jpg,no_sign
s2tld_001505.jpg,no_sign
s2tld_001506.jpg,no_sign
s2tld_001507.jpg,no_sign
s2tld_001508.jpg,no_sign
s2tld_001509.jpg,no_sign
s2tld_001510.jpg,no_sign
s2tld_001511.jpg,no_sign
s2tld_001512.jpg,no_sign
s2tld_001513.jpg,no_sign
s2tld_001514.jpg,no_sign
s2tld_001515.jpg,no_sign
s2tld_001516.jpg,no_sign
s2tld_001517.jpg,no_sign
s2tld_001518.jpg,no_sign
s2tld_001519.jpg,no_sign
s2tld_001520.jpg,no_sign
s2tld_001521.jpg,no_sign
s2tld_001522.jpg,no_sign
s2tld_001523.jpg,no_sign
s2tld_001524.jpg,no_sign
s2tld_001525.jpg,no_sign
s2tld_001526.jpg,no_sign
s2tld_001527.jpg,no_sign
s2tld_001528.jpg,no_sign
s2tld_001529.jpg,no_sign
s2tld_001530.jpg,no_sign
s2tld_001531.jpg,no_sign
s2tld_001532.jpg,no_sign
s2tld_001533.jpg,no_sign
s2tld_001534.jpg,no_sign
s2tld_001535.jpg,no_sign
s2tld_001536.jpg,no_sign
s2tld_001537.jpg,no_sign
s2tld_001538.jpg,no_sign
s2tld_001539.jpg,no_sign
s2tld_001540.jpg,no_sign
s2tld_001541.jpg,no_sign
s2tld_001542.jpg,no_sign
s2tld_001543.jpg,no_sign
s2tld_001544.jpg,no_sign
s2tld_001545.jpg,no_sign
s2tld_001546.jpg,no_sign
s2tld_001547.jpg,no_sign
s2tld_001548.jpg,no_sign
s2tld_001549.jpg,no_sign
s2tld_001550.jpg,no_sign
s2tld_001551.jpg,no_sign
s2tld_001552.jpg,no_sign
s2tld_001553.jpg,no_sign
s2tld_001554.jpg,no_sign
s2tld_001555.jpg,no_sign
s2tld_001556.jpg,no_sign
s2tld_001557.jpg,no_sign
s2tld_001558.jpg,no_sign
s2tld_001559.jpg,no_sign
s2tld_001560.jpg,no_sign
s2tld_001561.jpg,no_sign
s2tld_001562.jpg,no_sign
s2tld_001563.jpg,no_sign
s2tld_001564.jpg,no_sign
s2tld_001565.jpg,no_sign
s2tld_001566.jpg,no_sign
s2tld_001567.jpg,no_sign
s2tld_001568.jpg,no_sign
s2tld_001569.jpg,no_sign
s2tld_001570.jpg,no_sign
s2tld_001571.jpg,no_sign
s2tld_001572.jpg,no_sign
s2tld_001573.jpg,no_sign
s2tld_001574.jpg,no_sign
s2tld_001575.jpg,no_sign
s2tld_001576.jpg,no_sign
s2tld_001577.jpg,no_sign
s2tld_001578.jpg,no_sign
s2tld_001579.jpg,no_sign
s2tld_001580.jpg,no_sign
s2tld_001581.jpg,no_sign
s2tld_001582.jpg,no_sign
s2tld_001583.jpg,no_sign
s2tld_001584.jpg,no_sign
s2tld_001585.jpg,no_sign
s2tld_001586.jpg,no_sign
s2tld_001587.jpg,no_sign
s2tld_001588.jpg,no_sign
s2tld_001589.jpg,no_sign
s2tld_001590.jpg,no_sign
s2tld_001591.jpg,no_sign
s2tld_001592.jpg,no_sign
s2tld_001593.jpg,no_sign
s2tld_001594.jpg,no_sign
s2tld_001595.jpg,no_sign
s2tld_001596.jpg,no_sign
s2tld_001597.jpg,no_sign
s2tld_001598.jpg,no_sign
s2tld_001599.jpg,no_sign
s2tld_001600.jpg,no_sign
s2tld_001601.jpg,no_sign
s2tld_001602.jpg,no_sign
s2tld_001603.jpg,no_sign
s2tld_001604.jpg,no_sign
s2tld_001605.jpg,no_sign
s2tld_001606.jpg,no_sign
s2tld_001607.jpg,no_sign
s2tld_001608.jpg,no_sign
s2tld_001609.jpg,no_sign
s2tld_001610.jpg,no_sign
s2tld_001611.jpg,no_sign
s2tld_001612.jpg,no_sign
s2tld_001613.jpg,no_sign
s2tld_001614.jpg,no_sign
s2tld_001615.jpg,no_sign
s2tld_001616.jpg,no_sign
s2tld_001617.jpg,no_sign
s2tld_001618.jpg,no_sign
s2tld_001619.jpg,no_sign
s2tld_001620.jpg,no_sign
s2tld_001621.jpg,no_sign
s2tld_001622.jpg,no_sign
s2tld_001623.jpg,no_sign
s2tld_001624.jpg,no_sign
s2tld_001625.jpg,no_sign
s2tld_001626.jpg,no_sign
s2tld_001627.jpg,no_sign
s2tld_001628.jpg,no_sign
s2tld_001629.jpg,no_sign
s2tld_001630.jpg,no_sign
s2tld_001631.jpg,no_sign
s2tld_001632.jpg,no_sign
s2tld_001633.jpg,no_sign
s2tld_001634.jpg,no_sign
s2tld_001635.jpg,no_sign
s2tld_001636.jpg,no_sign
s2tld_001637.jpg,no_sign
s2tld_001638.jpg,no_sign
s2tld_001639.jpg,no_sign
s2tld_001640.jpg,no_sign
s2tld_001641.jpg,no_sign
s2tld_001642.jpg,no_sign
s2tld_001643.jpg,no_sign
s2tld_001644.jpg,no_sign
s2tld_001645.jpg,no_sign
s2tld_001646.jpg,no_sign
s2tld_001647.jpg,no_sign
s2tld_001648.jpg,no_sign
s2tld_001649.jpg,no_sign
s2tld_001650.jpg,no_sign
s2tld_001651.jpg,no_sign
s2tld_001652.jpg,no_sign
s2tld_001653.jpg,no_sign
s2tld_001654.jpg,no_sign
s2tld_001655.jpg,no_sign
s2tld_001656.jpg,no_sign
s2tld_001657.jpg,no_sign
s2tld_001658.jpg,no_sign
s2tld_001659.jpg,no_sign
s2tld_001660.jpg,no_sign
s2tld_001661.jpg,no_sign
s2tld_001662.jpg,no_sign
s2tld_001663.jpg,no_sign
s2tld_001664.jpg,no_sign
s2tld_001665.jpg,no_sign
s2tld_001666.jpg,no_sign
s2tld_001667.jpg,no_sign
s2tld_001668.jpg,no_sign
s2tld_001669.jpg,no_sign
s2tld_001670.jpg,no_sign
s2tld_001671.jpg,no_sign
s2tld_001672.jpg,no_sign
s2tld_001673.jpg,no_sign
s2tld_001674.jpg,no_sign
s2tld_001675.jpg,no_sign
s2tld_001676.jpg,no_sign
s2tld_001677.jpg,no_sign
s2tld_001678.jpg,no_sign
s2tld_001679.jpg,no_sign
s2tld_001680.jpg,no_sign
s2tld_001681.jpg,no_sign
s2tld_001682.jpg,no_sign
s2tld_001683.jpg,no_sign
s2tld_001684.jpg,no_sign
s2tld_001685.jpg,no_sign
s2tld_001686.jpg,no_sign
s2tld_001687.jpg,no_sign
s2tld_001688.jpg,no_sign
s2tld_001689.jpg,no_sign
s2tld_001690.jpg,no_sign
s2tld_001691.jpg,no_sign
s2tld_001692.jpg,no_sign
s2tld_001693.jpg,no_sign
s2tld_001694.jpg,no_sign
s2tld_001695.jpg,no_sign
s2tld_001696.jpg,no_sign
s2tld_001698.jpg,no_sign
s2tld_001699.jpg,no_sign
s2tld_001700.jpg,no_sign
s2tld_001701.jpg,no_sign
s2tld_001702.jpg,no_sign
s2tld_001703.jpg,no_sign
s2tld_001704.jpg,no_sign
s2tld_001705.jpg,no_sign
s2tld_001706.jpg,no_sign
s2tld_001707.jpg,no_sign
s2tld_001708.jpg,no_sign
s2tld_001709.jpg,no_sign
s2tld_001710.jpg,no_sign
s2tld_001711.jpg,no_sign
s2tld_001712.jpg,no_sign
s2tld_001713.jpg,no_sign
s2tld_001714.jpg,no_sign
s2tld_001715.jpg,no_sign
s2tld_001716.jpg,no_sign
s2tld_001717.jpg,no_sign
s2tld_001718.jpg,no_sign
s2tld_001719.jpg,no_sign
s2tld_001720.jpg,no_sign
s2tld_001721.jpg,no_sign
s2tld_001722.jpg,no_sign
s2tld_001723.jpg,no_sign
s2tld_001724.jpg,no_sign
s2tld_001725.jpg,no_sign
s2tld_001726.jpg,no_sign
s2tld_001727.jpg,no_sign
s2tld_001728.jpg,no_sign
s2tld_001729.jpg,no_sign
s2tld_001730.jpg,no_sign
s2tld_001731.jpg,no_sign
s2tld_001732.jpg,no_sign
s2tld_001733.jpg,no_sign
s2tld_001734.jpg,no_sign
s2tld_001735.jpg,no_sign
s2tld_001736.jpg,no_sign
s2tld_001737.jpg,no_sign
s2tld_001738.jpg,no_sign
s2tld_001739.jpg,no_sign
s2tld_001740.jpg,no_sign
s2tld_001741.jpg,no_sign
s2tld_001742.jpg,no_sign
s2tld_001743.jpg,no_sign
s2tld_001744.jpg,no_sign
s2tld_001745.jpg,no_sign
s2tld_001746.jpg,no_sign
s2tld_001747.jpg,no_sign
s2tld_001748.jpg,no_sign
s2tld_001749.jpg,no_sign
s2tld_001750.jpg,no_sign
s2tld_001751.jpg,no_sign
s2tld_001752.jpg,no_sign
s2tld_001753.jpg,no_sign
s2tld_001754.jpg,no_sign
s2tld_001755.jpg,no_sign
s2tld_001756.jpg,no_sign
s2tld_001757.jpg,no_sign
s2tld_001758.jpg,no_sign
s2tld_001759.jpg,no_sign
s2tld_001760.jpg,no_sign
s2tld_001761.jpg,no_sign
s2tld_001762.jpg,no_sign
s2tld_001763.jpg,no_sign
s2tld_001764.jpg,no_sign
s2tld_001765.jpg,no_sign
s2tld_001766.jpg,no_sign
s2tld_001767.jpg,no_sign
s2tld_001768.jpg,no_sign
s2tld_001769.jpg,no_sign
s2tld_001770.jpg,no_sign
s2tld_001771.jpg,no_sign
s2tld_001772.jpg,no_sign
s2tld_001773.jpg,no_sign
s2tld_001774.jpg,no_sign
s2tld_001775.jpg,no_sign
s2tld_001776.jpg,no_sign
s2tld_001777.jpg,no_sign
s2tld_001778.jpg,no_sign
s2tld_001779.jpg,no_sign
s2tld_001780.jpg,no_sign
s2tld_001781.jpg,no_sign
s2tld_001782.jpg,no_sign
s2tld_001783.jpg,no_sign
s2tld_001784.jpg,no_sign
s2tld_001785.jpg,no_sign
s2tld_001786.jpg,no_sign
s2tld_001787.jpg,no_sign
s2tld_001788.jpg,no_sign
s2tld_001789.jpg,no_sign
s2tld_001790.jpg,no_sign
s2tld_001791.jpg,no_sign
s2tld_001792.jpg,no_sign
s2tld_001793.jpg,no_sign
s2tld_001794.jpg,no_sign
s2tld_001795.jpg,no_sign
s2tld_001796.jpg,no_sign
s2tld_001797.jpg,no_sign
s2tld_001798.jpg,no_sign
s2tld_001799.jpg,no_sign
s2tld_001800.jpg,no_sign
s2tld_001801.jpg,no_sign
s2tld_001802.jpg,no_sign
s2tld_001803.jpg,no_sign
s2tld_001804.jpg,no_sign
s2tld_001805.jpg,no_sign
s2tld_001806.jpg,no_sign
s2tld_001807.jpg,no_sign
s2tld_001808.jpg,no_sign
s2tld_001809.jpg,no_sign
s2tld_001810.jpg,no_sign
s2tld_001811.jpg,no_sign
s2tld_001812.jpg,no_sign
s2tld_001813.jpg,no_sign
s2tld_001814.jpg,no_sign
s2tld_001815.jpg,no_sign
s2tld_001816.jpg,no_sign
s2tld_001817.jpg,no_sign
s2tld_001818.jpg,no_sign
s2tld_001819.jpg,no_sign
s2tld_001820.jpg,no_sign
s2tld_001821.jpg,no_sign
s2tld_001822.jpg,no_sign
s2tld_001823.jpg,no_sign
s2tld_001824.jpg,no_sign
s2tld_001825.jpg,no_sign
s2tld_001826.jpg,no_sign
s2tld_001827.jpg,no_sign
s2tld_001828.jpg,no_sign
s2tld_001829.jpg,no_sign
s2tld_001830.jpg,no_sign
s2tld_001831.jpg,no_sign
s2tld_001832.jpg,no_sign
s2tld_001833.jpg,no_sign
s2tld_001834.jpg,no_sign
s2tld_001835.jpg,no_sign
s2tld_001836.jpg,no_sign
s2tld_001837.jpg,no_sign
s2tld_001838.jpg,no_sign
s2tld_001839.jpg,no_sign
s2tld_001840.jpg,no_sign
s2tld_001841.jpg,no_sign
s2tld_001842.jpg,no_sign
s2tld_001843.jpg,no_sign
s2tld_001844.jpg,no_sign
s2tld_001845.jpg,no_sign
s2tld_001846.jpg,no_sign
s2tld_001847.jpg,no_sign
s2tld_001848.jpg,no_sign
s2tld_001849.jpg,no_sign
s2tld_001850.jpg,no_sign
s2tld_001851.jpg,no_sign
s2tld_001852.jpg,no_sign
s2tld_001853.jpg,no_sign
s2tld_001854.jpg,no_sign
s2tld_001855.jpg,no_sign
s2tld_001856.jpg,no_sign
s2tld_001857.jpg,no_sign
s2tld_001858.jpg,no_sign
s2tld_001859.jpg,no_sign
s2tld_001860.jpg,no_sign
s2tld_001861.jpg,no_sign
s2tld_001862.jpg,no_sign
s2tld_001863.jpg,no_sign
s2tld_001864.jpg,no_sign
s2tld_001865.jpg,no_sign
s2tld_001866.jpg,no_sign
s2tld_001867.jpg,no_sign
s2tld_001868.jpg,no_sign
s2tld_001869.jpg,no_sign
s2tld_001870.jpg,no_sign
s2tld_001871.jpg,no_sign
s2tld_001872.jpg,no_sign
s2tld_001873.jpg,no_sign
s2tld_001874.jpg,no_sign
s2tld_001875.jpg,no_sign
s2tld_001876.jpg,no_sign
s2tld_001877.jpg,no_sign
s2tld_001878.jpg,no_sign
s2tld_001879.jpg,no_sign
s2tld_001880.jpg,no_sign
s2tld_001881.jpg,no_sign
s2tld_001882.jpg,no_sign
s2tld_001883.jpg,no_sign
s2tld_001884.jpg,no_sign
s2tld_001885.jpg,no_sign
s2tld_001886.jpg,no_sign
s2tld_001887.jpg,no_sign
s2tld_001888.jpg,no_sign
s2tld_001889.jpg,no_sign
s2tld_001890.jpg,no_sign
s2tld_001891.jpg,no_sign
s2tld_001892.jpg,no_sign
s2tld_001893.jpg,no_sign
s2tld_001894.jpg,no_sign
s2tld_001895.jpg,no_sign
s2tld_001896.jpg,no_sign
s2tld_001897.jpg,no_sign
s2tld_001898.jpg,no_sign
s2tld_001899.jpg,no_sign
s2tld_001900.jpg,no_sign
s2tld_001901.jpg,no_sign
s2tld_001902.jpg,no_sign
s2tld_001903.jpg,no_sign
s2tld_001904.jpg,no_sign
s2tld_001905.jpg,no_sign
s2tld_001906.jpg,no_sign
s2tld_001907.jpg,no_sign
s2tld_001909.jpg,no_sign
s2tld_001910.jpg,no_sign
s2tld_001911.jpg,no_sign
s2tld_001912.jpg,no_sign
s2tld_001913.jpg,no_sign
s2tld_001914.jpg,no_sign
s2tld_001915.jpg,no_sign
s2tld_001916.jpg,no_sign
s2tld_001917.jpg,no_sign
s2tld_001918.jpg,no_sign
s2tld_001919.jpg,no_sign
s2tld_001920.jpg,no_sign
s2tld_001921.jpg,no_sign
s2tld_001922.jpg,no_sign
s2tld_001923.jpg,no_sign
s2tld_001924.jpg,no_sign
s2tld_001925.jpg,no_sign
s2tld_001926.jpg,no_sign
s2tld_001927.jpg,no_sign
s2tld_001928.jpg,no_sign
s2tld_001929.jpg,no_sign
s2tld_001930.jpg,no_sign
s2tld_001931.jpg,no_sign
s2tld_001932.jpg,no_sign
s2tld_001933.jpg,no_sign
s2tld_001934.jpg,no_sign
s2tld_001935.jpg,no_sign
s2tld_001936.jpg,no_sign
s2tld_001937.jpg,no_sign
s2tld_001938.jpg,no_sign
s2tld_001939.jpg,no_sign
s2tld_001940.jpg,no_sign
s2tld_001941.jpg,no_sign
s2tld_001942.jpg,no_sign
s2tld_001943.jpg,no_sign
s2tld_001944.jpg,no_sign
s2tld_001945.jpg,no_sign
s2tld_001946.jpg,no_sign
s2tld_001947.jpg,no_sign
s2tld_001948.jpg,no_sign
s2tld_001949.jpg,no_sign
s2tld_001950.jpg,no_sign
s2tld_001951.jpg,no_sign
s2tld_001952.jpg,no_sign
s2tld_001953.jpg,no_sign
s2tld_001954.jpg,no_sign
s2tld_001955.jpg,no_sign
s2tld_001956.jpg,no_sign
s2tld_001957.jpg,no_sign
s2tld_001958.jpg,no_sign
s2tld_001959.jpg,no_sign
s2tld_001960.jpg,no_sign
s2tld_001961.jpg,no_sign
s2tld_001962.jpg,no_sign
s2tld_001963.jpg,no_sign
s2tld_001964.jpg,no_sign
s2tld_001965.jpg,no_sign
s2tld_001966.jpg,no_sign
s2tld_001967.jpg,no_sign
s2tld_001968.jpg,no_sign
s2tld_001969.jpg,no_sign
s2tld_001970.jpg,no_sign
s2tld_001971.jpg,no_sign
s2tld_001972.jpg,no_sign
s2tld_001973.jpg,no_sign
s2tld_001974.jpg,no_sign
s2tld_001975.jpg,no_sign
s2tld_001976.jpg,no_sign
s2tld_001977.jpg,no_sign
s2tld_001978.jpg,no_sign
s2tld_001979.jpg,no_sign
s2tld_001980.jpg,no_sign
s2tld_001981.jpg,no_sign
s2tld_001982.jpg,no_sign
s2tld_001983.jpg,no_sign
s2tld_001984.jpg,no_sign
s2tld_001985.jpg,no_sign
s2tld_001986.jpg,no_sign
s2tld_001987.jpg,no_sign
s2tld_001988.jpg,no_sign
s2tld_001989.jpg,no_sign
s2tld_001990.jpg,no_sign
s2tld_001991.jpg,no_sign
s2tld_001992.jpg,no_sign
s2tld_001993.jpg,no_sign
s2tld_001994.jpg,no_sign
s2tld_001995.jpg,no_sign
s2tld_001996.jpg,no_sign
s2tld_001997.jpg,no_sign
s2tld_001998.jpg,no_sign
s2tld_001999.jpg,no_sign
s2tld_002000.jpg,no_sign
s2tld_002001.jpg,no_sign
s2tld_002002.jpg,no_sign
s2tld_002003.jpg,no_sign
s2tld_002004.jpg,no_sign
s2tld_002005.jpg,no_sign
s2tld_002006.jpg,no_sign
s2tld_002007.jpg,no_sign
s2tld_002008.jpg,no_sign
s2tld_002009.jpg,no_sign
s2tld_002010.jpg,no_sign
s2tld_002011.jpg,no_sign
s2tld_002012.jpg,no_sign
s2tld_002013.jpg,no_sign
s2tld_002014.jpg,no_sign
s2tld_002015.jpg,no_sign
s2tld_002016.jpg,no_sign
s2tld_002017.jpg,no_sign
s2tld_002018.jpg,no_sign
s2tld_002019.jpg,no_sign
s2tld_002020.jpg,no_sign
s2tld_002021.jpg,no_sign
s2tld_002022.jpg,no_sign
s2tld_002023.jpg,no_sign
s2tld_002024.jpg,no_sign
s2tld_002025.jpg,no_sign
s2tld_002026.jpg,no_sign
s2tld_002027.jpg,no_sign
s2tld_002028.jpg,no_sign
s2tld_002029.jpg,no_sign
s2tld_002030.jpg,no_sign
s2tld_002031.jpg,no_sign
s2tld_002032.jpg,no_sign
s2tld_002033.jpg,no_sign
s2tld_002034.jpg,no_sign
s2tld_002035.jpg,no_sign
s2tld_002036.jpg,no_sign
s2tld_002037.jpg,no_sign
s2tld_002038.jpg,no_sign
s2tld_002039.jpg,no_sign
s2tld_002040.jpg,no_sign
s2tld_002041.jpg,no_sign
s2tld_002042.jpg,no_sign
s2tld_002043.jpg,no_sign
s2tld_002044.jpg,no_sign
s2tld_002045.jpg,no_sign
s2tld_002046.jpg,no_sign
s2tld_002047.jpg,no_sign
s2tld_002048.jpg,no_sign
s2tld_002049.jpg,no_sign
s2tld_002050.jpg,no_sign
s2tld_002051.jpg,no_sign
s2tld_002052.jpg,no_sign
s2tld_002053.jpg,no_sign
s2tld_002054.jpg,no_sign
s2tld_002055.jpg,no_sign
s2tld_002056.jpg,no_sign
s2tld_002057.jpg,no_sign
s2tld_002058.jpg,no_sign
s2tld_002059.jpg,no_sign
s2tld_002060.jpg,no_sign
s2tld_002061.jpg,no_sign
s2tld_002062.jpg,no_sign
s2tld_002063.jpg,no_sign
s2tld_002064.jpg,no_sign
s2tld_002065.jpg,no_sign
s2tld_002066.jpg,no_sign
s2tld_002067.jpg,no_sign
s2tld_002068.jpg,no_sign
s2tld_002069.jpg,no_sign
s2tld_002070.jpg,no_sign
s2tld_002071.jpg,no_sign
s2tld_002072.jpg,no_sign
s2tld_002073.jpg,no_sign
s2tld_002074.jpg,no_sign
s2tld_002075.jpg,no_sign
s2tld_002076.jpg,no_sign
s2tld_002077.jpg,no_sign
s2tld_002078.jpg,no_sign
s2tld_002079.jpg,no_sign
s2tld_002080.jpg,no_sign
s2tld_002081.jpg,no_sign
s2tld_002082.jpg,no_sign
s2tld_002083.jpg,no_sign
s2tld_002084.jpg,no_sign
s2tld_002085.jpg,no_sign
s2tld_002086.jpg,no_sign
s2tld_002087.jpg,no_sign
s2tld_002088.jpg,no_sign
s2tld_002089.jpg,no_sign
s2tld_002090.jpg,no_sign
s2tld_002091.jpg,no_sign
s2tld_002092.jpg,no_sign
s2tld_002093.jpg,no_sign
s2tld_002094.jpg,no_sign
s2tld_002095.jpg,no_sign
s2tld_002096.jpg,no_sign
s2tld_002097.jpg,no_sign
s2tld_002098.jpg,no_sign
s2tld_002099.jpg,no_sign
s2tld_002100.jpg,no_sign
s2tld_002101.jpg,no_sign
s2tld_002102.jpg,no_sign
s2tld_002103.jpg,no_sign
s2tld_002104.jpg,no_sign
s2tld_002105.jpg,no_sign
s2tld_002106.jpg,no_sign
s2tld_002107.jpg,no_sign
s2tld_002108.jpg,no_sign
s2tld_002109.jpg,no_sign
s2tld_002110.jpg,no_sign
s2tld_002111.jpg,no_sign
s2tld_002112.jpg,no_sign
s2tld_002113.jpg,no_sign
s2tld_002114.jpg,no_sign
s2tld_002115.jpg,no_sign
s2tld_002116.jpg,no_sign
s2tld_002117.jpg,no_sign
s2tld_002118.jpg,no_sign
s2tld_002119.jpg,no_sign
s2tld_002120.jpg,no_sign
s2tld_002121.jpg,no_sign
s2tld_002122.jpg,no_sign
s2tld_002123.jpg,no_sign
s2tld_002124.jpg,no_sign
s2tld_002125.jpg,no_sign
s2tld_002126.jpg,no_sign
s2tld_002127.jpg,no_sign
s2tld_002128.jpg,no_sign
s2tld_002129.jpg,no_sign
s2tld_002130.jpg,no_sign
s2tld_002131.jpg,no_sign
s2tld_002132.jpg,no_sign
s2tld_002133.jpg,no_sign
s2tld_002134.jpg,no_sign
s2tld_002135.jpg,no_sign
s2tld_002136.jpg,no_sign
s2tld_002137.jpg,no_sign
s2tld_002138.jpg,no_sign
s2tld_002139.jpg,no_sign
s2tld_002140.jpg,no_sign
s2tld_002141.jpg,no_sign
s2tld_002142.jpg,no_sign
s2tld_002143.jpg,no_sign
s2tld_002144.jpg,no_sign
s2tld_002145.jpg,no_sign
s2tld_002146.jpg,no_sign
s2tld_002147.jpg,no_sign
s2tld_002148.jpg,no_sign
s2tld_002149.jpg,no_sign
s2tld_002150.jpg,no_sign
s2tld_002151.jpg,no_sign
s2tld_002152.jpg,no_sign
s2tld_002153.jpg,no_sign
s2tld_002154.jpg,no_sign
s2tld_002155.jpg,no_sign
s2tld_002156.jpg,no_sign
s2tld_002157.jpg,no_sign
s2tld_002158.jpg,no_sign
s2tld_002159.jpg,no_sign
s2tld_002160.jpg,no_sign
s2tld_002161.jpg,no_sign
s2tld_002162.jpg,no_sign
s2tld_002163.jpg,no_sign
s2tld_002164.jpg,no_sign
s2tld_002165.jpg,no_sign
s2tld_002166.jpg,no_sign
s2tld_002167.jpg,no_sign
s2tld_002168.jpg,no_sign
s2tld_002169.jpg,no_sign
s2tld_002170.jpg,no_sign
s2tld_002171.jpg,no_sign
s2tld_002172.jpg,no_sign
s2tld_002173.jpg,no_sign
s2tld_002174.jpg,no_sign
s2tld_002175.jpg,no_sign
s2tld_002176.jpg,no_sign
s2tld_002177.jpg,no_sign
s2tld_002178.jpg,no_sign
s2tld_002179.jpg,no_sign
s2tld_002180.jpg,no_sign
s2tld_002181.jpg,no_sign
s2tld_002182.jpg,no_sign
s2tld_002183.jpg,no_sign
s2tld_002184.jpg,no_sign
s2tld_002185.jpg,no_sign
s2tld_002186.jpg,no_sign
s2tld_002187.jpg,no_sign
s2tld_002188.jpg,no_sign
s2tld_002189.jpg,no_sign
s2tld_002190.jpg,no_sign
s2tld_002191.jpg,no_sign
s2tld_002192.jpg,no_sign
s2tld_002193.jpg,no_sign
s2tld_002194.jpg,no_sign
s2tld_002195.jpg,no_sign
s2tld_002196.jpg,no_sign
s2tld_002197.jpg,no_sign
s2tld_002198.jpg,no_sign
s2tld_002199.jpg,no_sign
s2tld_002200.jpg,no_sign
s2tld_002201.jpg,no_sign
s2tld_002202.jpg,no_sign
s2tld_002203.jpg,no_sign
s2tld_002204.jpg,no_sign
s2tld_002205.jpg,no_sign
s2tld_002206.jpg,no_sign
s2tld_002207.jpg,no_sign
s2tld_002208.jpg,no_sign
s2tld_002209.jpg,no_sign
s2tld_002210.jpg,no_sign
s2tld_002211.jpg,no_sign
s2tld_002212.jpg,no_sign
s2tld_002213.jpg,no_sign
s2tld_002214.jpg,no_sign
s2tld_002215.jpg,no_sign
s2tld_002216.jpg,no_sign
s2tld_002217.jpg,no_sign
s2tld_002218.jpg,no_sign
s2tld_002219.jpg,no_sign
s2tld_002220.jpg,no_sign
s2tld_002221.jpg,no_sign
s2tld_002222.jpg,no_sign
s2tld_002223.jpg,no_sign
s2tld_002224.jpg,no_sign
s2tld_002225.jpg,no_sign
s2tld_002226.jpg,no_sign
s2tld_002227.jpg,no_sign
s2tld_002228.jpg,no_sign
s2tld_002229.jpg,no_sign
s2tld_002230.jpg,no_sign
s2tld_002231.jpg,no_sign
s2tld_002232.jpg,no_sign
s2tld_002233.jpg,no_sign
s2tld_002234.jpg,no_sign
s2tld_002235.jpg,no_sign
s2tld_002236.jpg,no_sign
s2tld_002237.jpg,no_sign
s2tld_002238.jpg,no_sign
s2tld_002239.jpg,no_sign
s2tld_002240.jpg,no_sign
s2tld_002241.jpg,no_sign
s2tld_002242.jpg,no_sign
s2tld_002243.jpg,no_sign
s2tld_002244.jpg,no_sign
s2tld_002245.jpg,no_sign
s2tld_002246.jpg,no_sign
s2tld_002247.jpg,no_sign
s2tld_002248.jpg,no_sign
s2tld_002249.jpg,no_sign
s2tld_002250.jpg,no_sign
s2tld_002251.jpg,no_sign
s2tld_002252.jpg,no_sign
s2tld_002253.jpg,no_sign
s2tld_002254.jpg,no_sign
s2tld_002255.jpg,no_sign
s2tld_002256.jpg,no_sign
s2tld_002257.jpg,no_sign
s2tld_002258.jpg,no_sign
s2tld_002259.jpg,no_sign
s2tld_002260.jpg,no_sign
s2tld_002261.jpg,no_sign
s2tld_002262.jpg,no_sign
s2tld_002263.jpg,no_sign
s2tld_002264.jpg,no_sign
s2tld_002265.jpg,no_sign
s2tld_002266.jpg,no_sign
s2tld_002267.jpg,no_sign
s2tld_002268.jpg,no_sign
s2tld_002269.jpg,no_sign
s2tld_002270.jpg,no_sign
s2tld_002271.jpg,no_sign
s2tld_002272.jpg,no_sign
s2tld_002273.jpg,no_sign
s2tld_002274.jpg,no_sign
s2tld_002275.jpg,no_sign
s2tld_002276.jpg,no_sign
s2tld_002277.jpg,no_sign
s2tld_002278.jpg,no_sign
s2tld_002279.jpg,no_sign
s2tld_002280.jpg,no_sign
s2tld_002281.jpg,no_sign
s2tld_002282.jpg,no_sign
s2tld_002283.jpg,no_sign
s2tld_002284.jpg,no_sign
s2tld_002285.jpg,no_sign
s2tld_002286.jpg,no_sign
s2tld_002287.jpg,no_sign
s2tld_002288.jpg,no_sign
s2tld_002289.jpg,no_sign
s2tld_002290.jpg,no_sign
s2tld_002291.jpg,no_sign
s2tld_002292.jpg,no_sign
s2tld_002293.jpg,no_sign
s2tld_002294.jpg,no_sign
s2tld_002295.jpg,no_sign
s2tld_002296.jpg,no_sign
s2tld_002297.jpg,no_sign
s2tld_002298.jpg,no_sign
s2tld_002299.jpg,no_sign
s2tld_002300.jpg,no_sign
s2tld_002301.jpg,no_sign
s2tld_002302.jpg,no_sign
s2tld_002303.jpg,no_sign
s2tld_002304.jpg,no_sign
s2tld_002305.jpg,no_sign
s2tld_002306.jpg,no_sign
s2tld_002307.jpg,no_sign
s2tld_002308.jpg,no_sign
s2tld_002309.jpg,no_sign
s2tld_002310.jpg,no_sign
s2tld_002311.jpg,no_sign
s2tld_002312.jpg,no_sign
s2tld_002313.jpg,no_sign
s2tld_002314.jpg,no_sign
s2tld_002315.jpg,no_sign
s2tld_002316.jpg,no_sign
s2tld_002317.jpg,no_sign
s2tld_002318.jpg,no_sign
s2tld_002319.jpg,no_sign
s2tld_002320.jpg,no_sign
s2tld_002321.jpg,no_sign
s2tld_002322.jpg,no_sign
s2tld_002323.jpg,no_sign
s2tld_002324.jpg,no_sign
s2tld_002325.jpg,no_sign
s2tld_002326.jpg,no_sign
s2tld_002327.jpg,no_sign
s2tld_002328.jpg,no_sign
s2tld_002329.jpg,no_sign
s2tld_002330.jpg,no_sign
s2tld_002331.jpg,no_sign
s2tld_002332.jpg,no_sign
s2tld_002333.jpg,no_sign
s2tld_002334.jpg,no_sign
s2tld_002335.jpg,no_sign
s2tld_002336.jpg,no_sign
s2tld_002337.jpg,no_sign
s2tld_002338.jpg,no_sign
s2tld_002339.jpg,no_sign
s2tld_002340.jpg,no_sign
s2tld_002341.jpg,no_sign
s2tld_002342.jpg,no_sign
s2tld_002343.jpg,no_sign
s2tld_002344.jpg,no_sign
s2tld_002345.jpg,no_sign
s2tld_002346.jpg,no_sign
s2tld_002347.jpg,no_sign
s2tld_002348.jpg,no_sign
s2tld_002349.jpg,no_sign
s2tld_002350.jpg,no_sign
s2tld_002351.jpg,no_sign
s2tld_002352.jpg,no_sign
s2tld_002353.jpg,no_sign
s2tld_002354.jpg,no_sign
s2tld_002355.jpg,no_sign
s2tld_002356.jpg,no_sign
s2tld_002357.jpg,no_sign
s2tld_002358.jpg,no_sign
s2tld_002359.jpg,no_sign
s2tld_002360.jpg,no_sign
s2tld_002361.jpg,no_sign
s2tld_002362.jpg,no_sign
s2tld_002363.jpg,no_sign
s2tld_002364.jpg,no_sign
s2tld_002365.jpg,no_sign
s2tld_002366.jpg,no_sign
s2tld_002367.jpg,no_sign
s2tld_002368.jpg,no_sign
s2tld_002369.jpg,no_sign
s2tld_002370.jpg,no_sign
s2tld_002371.jpg,no_sign
s2tld_002372.jpg,no_sign
s2tld_002373.jpg,no_sign
s2tld_002374.jpg,no_sign
s2tld_002375.jpg,no_sign
s2tld_002376.jpg,no_sign
s2tld_002377.jpg,no_sign
s2tld_002378.jpg,no_sign
s2tld_002379.jpg,no_sign
s2tld_002380.jpg,no_sign
s2tld_002381.jpg,no_sign
s2tld_002382.jpg,no_sign
s2tld_002383.jpg,no_sign
s2tld_002384.jpg,no_sign
s2tld_002385.jpg,no_sign
s2tld_002386.jpg,no_sign
s2tld_002387.jpg,no_sign
s2tld_002388.jpg,no_sign
s2tld_002389.jpg,no_sign
s2tld_002390.jpg,no_sign
s2tld_002391.jpg,no_sign
s2tld_002392.jpg,no_sign
s2tld_002393.jpg,no_sign
s2tld_002394.jpg,no_sign
s2tld_002395.jpg,no_sign
s2tld_002396.jpg,no_sign
s2tld_002397.jpg,no_sign
s2tld_002398.jpg,no_sign
s2tld_002399.jpg,no_sign
s2tld_002400.jpg,no_sign
s2tld_002401.jpg,no_sign
s2tld_002402.jpg,no_sign
s2tld_002403.jpg,no_sign
s2tld_002404.jpg,no_sign
s2tld_002405.jpg,no_sign
s2tld_002406.jpg,no_sign
s2tld_002407.jpg,no_sign
s2tld_002408.jpg,no_sign
s2tld_002409.jpg,no_sign
s2tld_002410.jpg,no_sign
s2tld_002411.jpg,no_sign
s2tld_002412.jpg,no_sign
s2tld_002413.jpg,no_sign
s2tld_002414.jpg,no_sign
s2tld_002415.jpg,no_sign
s2tld_002416.jpg,no_sign
s2tld_002417.jpg,no_sign
s2tld_002418.jpg,no_sign
s2tld_002419.jpg,no_sign
s2tld_002420.jpg,no_sign
s2tld_002421.jpg,no_sign
s2tld_002422.jpg,no_sign
s2tld_002423.jpg,no_sign
s2tld_002424.jpg,no_sign
s2tld_002425.jpg,no_sign
s2tld_002426.jpg,no_sign
s2tld_002427.jpg,no_sign
s2tld_002428.jpg,no_sign
s2tld_002429.jpg,no_sign
s2tld_002430.jpg,no_sign
s2tld_002431.jpg,no_sign
s2tld_002432.jpg,no_sign
s2tld_002433.jpg,no_sign
s2tld_002434.jpg,no_sign
s2tld_002435.jpg,no_sign
s2tld_002436.jpg,no_sign
s2tld_002437.jpg,no_sign
s2tld_002438.jpg,no_sign
s2tld_002439.jpg,no_sign
s2tld_002440.jpg,no_sign
s2tld_002441.jpg,no_sign
s2tld_002442.jpg,no_sign
s2tld_002443.jpg,no_sign
s2tld_002444.jpg,no_sign
s2tld_002445.jpg,no_sign
s2tld_002446.jpg,no_sign
s2tld_002447.jpg,no_sign
s2tld_002448.jpg,no_sign
s2tld_002449.jpg,no_sign
s2tld_002450.jpg,no_sign
s2tld_002451.jpg,no_sign
s2tld_002452.jpg,no_sign
s2tld_002453.jpg,no_sign
s2tld_002454.jpg,no_sign
s2tld_002455.jpg,no_sign
s2tld_002456.jpg,no_sign
s2tld_002457.jpg,no_sign
s2tld_002458.jpg,no_sign
s2tld_002459.jpg,no_sign
s2tld_002460.jpg,no_sign
s2tld_002461.jpg,no_sign
s2tld_002462.jpg,no_sign
s2tld_002463.jpg,no_sign
s2tld_002464.jpg,no_sign
s2tld_002465.jpg,no_sign
s2tld_002466.jpg,no_sign
s2tld_002467.jpg,no_sign
s2tld_002468.jpg,no_sign
s2tld_002469.jpg,no_sign
s2tld_002470.jpg,no_sign
s2tld_002471.jpg,no_sign
s2tld_002472.jpg,no_sign
s2tld_002473.jpg,no_sign
s2tld_002474.jpg,no_sign
s2tld_002475.jpg,no_sign
s2tld_002476.jpg,no_sign
s2tld_002477.jpg,no_sign
s2tld_002478.jpg,no_sign
s2tld_002479.jpg,no_sign
s2tld_002480.jpg,no_sign
s2tld_002481.jpg,no_sign
s2tld_002482.jpg,no_sign
s2tld_002483.jpg,no_sign
s2tld_002484.jpg,no_sign
s2tld_002485.jpg,no_sign
s2tld_002486.jpg,no_sign
s2tld_002487.jpg,no_sign
s2tld_002488.jpg,no_sign
s2tld_002489.jpg,no_sign
s2tld_002490.jpg,no_sign
s2tld_002491.jpg,no_sign
s2tld_002492.jpg,no_sign
s2tld_002493.jpg,no_sign
s2tld_002494.jpg,no_sign
s2tld_002495.jpg,no_sign
s2tld_002496.jpg,no_sign
s2tld_002497.jpg,no_sign
s2tld_002498.jpg,no_sign
s2tld_002499.jpg,no_sign
s2tld_002500.jpg,no_sign
s2tld_002501.jpg,no_sign
s2tld_002502.jpg,no_sign
s2tld_002503.jpg,no_sign
s2tld_002504.jpg,no_sign
s2tld_002505.jpg,no_sign
s2tld_002506.jpg,no_sign
s2tld_002507.jpg,no_sign
s2tld_002508.jpg,no_sign
s2tld_002509.jpg,no_sign
s2tld_002510.jpg,no_sign
s2tld_002511.jpg,no_sign
s2tld_002512.jpg,no_sign
s2tld_002513.jpg,no_sign
s2tld_002514.jpg,no_sign
s2tld_002515.jpg,no_sign
s2tld_002516.jpg,no_sign
s2tld_002517.jpg,no_sign
s2tld_002518.jpg,no_sign
s2tld_002519.jpg,no_sign
s2tld_002520.jpg,no_sign
s2tld_002521.jpg,no_sign
s2tld_002522.jpg,no_sign
s2tld_002523.jpg,no_sign
s2tld_002524.jpg,no_sign
s2tld_002525.jpg,no_sign
s2tld_002526.jpg,no_sign
s2tld_002527.jpg,no_sign
s2tld_002528.jpg,no_sign
s2tld_002529.jpg,no_sign
s2tld_002530.jpg,no_sign
s2tld_002531.jpg,no_sign
s2tld_002532.jpg,no_sign
s2tld_002533.jpg,no_sign
s2tld_002534.jpg,no_sign
s2tld_002535.jpg,no_sign
s2tld_002536.jpg,no_sign
s2tld_002537.jpg,no_sign
s2tld_002538.jpg,no_sign
s2tld_002539.jpg,no_sign
s2tld_002540.jpg,no_sign
s2tld_002541.jpg,no_sign
s2tld_002542.jpg,no_sign
s2tld_002543.jpg,no_sign
s2tld_002544.jpg,no_sign
s2tld_002545.jpg,no_sign
s2tld_002546.jpg,no_sign
s2tld_002547.jpg,no_sign
s2tld_002548.jpg,no_sign
s2tld_002549.jpg,no_sign
s2tld_002550.jpg,no_sign
s2tld_002551.jpg,no_sign
s2tld_002552.jpg,no_sign
s2tld_002553.jpg,no_sign
s2tld_002554.jpg,no_sign
s2tld_002555.jpg,no_sign
s2tld_002556.jpg,no_sign
s2tld_002557.jpg,no_sign
s2tld_002558.jpg,no_sign
s2tld_002559.jpg,no_sign
s2tld_002560.jpg,no_sign
s2tld_002561.jpg,no_sign
s2tld_002562.jpg,no_sign
s2tld_002563.jpg,no_sign
s2tld_002564.jpg,no_sign
s2tld_002565.jpg,no_sign
s2tld_002566.jpg,no_sign
s2tld_002567.jpg,no_sign
s2tld_002568.jpg,no_sign
s2tld_002569.jpg,no_sign
s2tld_002570.jpg,no_sign
s2tld_002571.jpg,no_sign
s2tld_002572.jpg,no_sign
s2tld_002573.jpg,no_sign
s2tld_002574.jpg,no_sign
s2tld_002575.jpg,no_sign
s2tld_002576.jpg,no_sign
s2tld_002577.jpg,no_sign
s2tld_002578.jpg,no_sign
s2tld_002579.jpg,no_sign
s2tld_002580.jpg,no_sign
s2tld_002581.jpg,no_sign
s2tld_002582.jpg,no_sign
s2tld_002583.jpg,no_sign
s2tld_002584.jpg,no_sign
s2tld_002585.jpg,no_sign
s2tld_002586.jpg,no_sign
s2tld_002587.jpg,no_sign
s2tld_002588.jpg,no_sign
s2tld_002589.jpg,no_sign
s2tld_002590.jpg,no_sign
s2tld_002591.jpg,no_sign
s2tld_002592.jpg,no_sign
s2tld_002593.jpg,no_sign
s2tld_002594.jpg,no_sign
s2tld_002595.jpg,no_sign
s2tld_002596.jpg,no_sign
s2tld_002597.jpg,no_sign
s2tld_002598.jpg,no_sign
s2tld_002599.jpg,no_sign
s2tld_002600.jpg,no_sign
s2tld_002601.jpg,no_sign
s2tld_002602.jpg,no_sign
s2tld_002603.jpg,no_sign
s2tld_002604.jpg,no_sign
s2tld_002605.jpg,no_sign
s2tld_002606.jpg,no_sign
s2tld_002607.jpg,no_sign
s2tld_002608.jpg,no_sign
s2tld_002609.jpg,no_sign
s2tld_002610.jpg,no_sign
s2tld_002611.jpg,no_sign
s2tld_002612.jpg,no_sign
s2tld_002613.jpg,no_sign
s2tld_002614.jpg,no_sign
s2tld_002615.jpg,no_sign
s2tld_002616.jpg,no_sign
s2tld_002617.jpg,no_sign
s2tld_002618.jpg,no_sign
s2tld_002619.jpg,no_sign
s2tld_002620.jpg,no_sign
s2tld_002621.jpg,no_sign
s2tld_002622.jpg,no_sign
s2tld_002623.jpg,no_sign
s2tld_002624.jpg,no_sign
s2tld_002625.jpg,no_sign
s2tld_002626.jpg,no_sign
s2tld_002627.jpg,no_sign
s2tld_002628.jpg,no_sign
s2tld_002629.jpg,no_sign
s2tld_002630.jpg,no_sign
s2tld_002631.jpg,no_sign
s2tld_002632.jpg,no_sign
s2tld_002633.jpg,no_sign
s2tld_002634.jpg,no_sign
s2tld_002635.jpg,no_sign
s2tld_002636.jpg,no_sign
s2tld_002637.jpg,no_sign
s2tld_002638.jpg,no_sign
s2tld_002639.jpg,no_sign
s2tld_002640.jpg,no_sign
s2tld_002641.jpg,no_sign
s2tld_002642.jpg,no_sign
s2tld_002643.jpg,no_sign
s2tld_002644.jpg,no_sign
s2tld_002645.jpg,no_sign
s2tld_002646.jpg,no_sign
s2tld_002647.jpg,no_sign
s2tld_002648.jpg,no_sign
s2tld_002649.jpg,no_sign
s2tld_002650.jpg,no_sign
s2tld_002651.jpg,no_sign
s2tld_002652.jpg,no_sign
s2tld_002653.jpg,no_sign
s2tld_002654.jpg,no_sign
s2tld_002655.jpg,no_sign
s2tld_002656.jpg,no_sign
s2tld_002657.jpg,no_sign
s2tld_002658.jpg,no_sign
s2tld_002659.jpg,no_sign
s2tld_002660.jpg,no_sign
s2tld_002661.jpg,no_sign
s2tld_002662.jpg,no_sign
s2tld_002663.jpg,no_sign
s2tld_002664.jpg,no_sign
s2tld_002665.jpg,no_sign
s2tld_002666.jpg,no_sign
s2tld_002667.jpg,no_sign
s2tld_002668.jpg,no_sign
s2tld_002669.jpg,no_sign
s2tld_002670.jpg,no_sign
s2tld_002671.jpg,no_sign
s2tld_002672.jpg,no_sign
s2tld_002673.jpg,no_sign
s2tld_002674.jpg,no_sign
s2tld_002675.jpg,no_sign
s2tld_002676.jpg,no_sign
s2tld_002677.jpg,no_sign
s2tld_002678.jpg,no_sign
s2tld_002679.jpg,no_sign
s2tld_002680.jpg,no_sign
s2tld_002681.jpg,no_sign
s2tld_002682.jpg,no_sign
s2tld_002683.jpg,no_sign
s2tld_002684.jpg,no_sign
s2tld_002685.jpg,no_sign
s2tld_002686.jpg,no_sign
s2tld_002687.jpg,no_sign
s2tld_002688.jpg,no_sign
s2tld_002689.jpg,no_sign
s2tld_002690.jpg,no_sign
s2tld_002691.jpg,no_sign
s2tld_002692.jpg,no_sign
s2tld_002693.jpg,no_sign
s2tld_002694.jpg,no_sign
s2tld_002695.jpg,no_sign
s2tld_002696.jpg,no_sign
s2tld_002697.jpg,no_sign
s2tld_002698.jpg,no_sign
s2tld_002699.jpg,no_sign
s2tld_002700.jpg,no_sign
s2tld_002701.jpg,no_sign
s2tld_002702.jpg,no_sign
s2tld_002703.jpg,no_sign
s2tld_002704.jpg,no_sign
s2tld_002705.jpg,no_sign
s2tld_002706.jpg,no_sign
s2tld_002707.jpg,no_sign
s2tld_002708.jpg,no_sign
s2tld_002709.jpg,no_sign
s2tld_002710.jpg,no_sign
s2tld_002711.jpg,no_sign
s2tld_002712.jpg,no_sign
s2tld_002713.jpg,no_sign
s2tld_002714.jpg,no_sign
s2tld_002715.jpg,no_sign
s2tld_002716.jpg,no_sign
s2tld_002717.jpg,no_sign
s2tld_002718.jpg,no_sign
s2tld_002719.jpg,no_sign
s2tld_002720.jpg,no_sign
s2tld_002721.jpg,no_sign
s2tld_002722.jpg,no_sign
s2tld_002723.jpg,no_sign
s2tld_002724.jpg,no_sign
s2tld_002725.jpg,no_sign
s2tld_002726.jpg,no_sign
s2tld_002727.jpg,no_sign
s2tld_002728.jpg,no_sign
s2tld_002729.jpg,no_sign
s2tld_002730.jpg,no_sign
s2tld_002731.jpg,no_sign
s2tld_002732.jpg,no_sign
s2tld_002733.jpg,no_sign
s2tld_002734.jpg,no_sign
s2tld_002735.jpg,no_sign
s2tld_002736.jpg,no_sign
s2tld_002737.jpg,no_sign
s2tld_002738.jpg,no_sign
s2tld_002739.jpg,no_sign
s2tld_002740.jpg,no_sign
s2tld_002741.jpg,no_sign
s2tld_002742.jpg,no_sign
s2tld_002743.jpg,no_sign
s2tld_002744.jpg,no_sign
s2tld_002745.jpg,no_sign
s2tld_002746.jpg,no_sign
s2tld_002747.jpg,no_sign
s2tld_002748.jpg,no_sign
s2tld_002749.jpg,no_sign
s2tld_002750.jpg,no_sign
s2tld_002751.jpg,no_sign
s2tld_002752.jpg,no_sign
s2tld_002753.jpg,no_sign
s2tld_002754.jpg,no_sign
s2tld_002755.jpg,no_sign
s2tld_002756.jpg,no_sign
s2tld_002757.jpg,no_sign
s2tld_002758.jpg,no_sign
s2tld_002759.jpg,no_sign
s2tld_002760.jpg,no_sign
s2tld_002761.jpg,no_sign
s2tld_002762.jpg,no_sign
s2tld_002763.jpg,no_sign
s2tld_002764.jpg,no_sign
s2tld_002765.jpg,no_sign
s2tld_002766.jpg,no_sign
s2tld_002767.jpg,no_sign
s2tld_002768.jpg,no_sign
s2tld_002769.jpg,no_sign
s2tld_002770.jpg,no_sign
s2tld_002771.jpg,no_sign
s2tld_002772.jpg,no_sign
s2tld_002773.jpg,no_sign
s2tld_002774.jpg,no_sign
s2tld_002775.jpg,no_sign
s2tld_002776.jpg,no_sign
s2tld_002777.jpg,no_sign
s2tld_002778.jpg,no_sign
s2tld_002779.jpg,no_sign
s2tld_002780.jpg,no_sign
s2tld_002781.jpg,no_sign
s2tld_002782.jpg,no_sign
s2tld_002783.jpg,no_sign
s2tld_002784.jpg,no_sign
s2tld_002785.jpg,no_sign
s2tld_002786.jpg,no_sign
s2tld_002787.jpg,no_sign
s2tld_002788.jpg,no_sign
s2tld_002789.jpg,no_sign
s2tld_002790.jpg,no_sign
s2tld_002791.jpg,no_sign
s2tld_002792.jpg,no_sign
s2tld_002793.jpg,no_sign
s2tld_002794.jpg,no_sign
s2tld_002795.jpg,no_sign
s2tld_002796.jpg,no_sign
s2tld_002797.jpg,no_sign
s2tld_002798.jpg,no_sign
s2tld_002799.jpg,no_sign
s2tld_002800.jpg,no_sign
s2tld_002801.jpg,no_sign
s2tld_002802.jpg,no_sign
s2tld_002803.jpg,no_sign
s2tld_002804.jpg,no_sign
s2tld_002805.jpg,no_sign
s2tld_002806.jpg,no_sign
s2tld_002807.jpg,no_sign
s2tld_002808.jpg,no_sign
s2tld_002809.jpg,no_sign
s2tld_002810.jpg,no_sign
s2tld_002811.jpg,no_sign
s2tld_002812.jpg,no_sign
s2tld_002813.jpg,no_sign
s2tld_002814.jpg,no_sign
s2tld_002815.jpg,no_sign
s2tld_002816.jpg,no_sign
s2tld_002817.jpg,no_sign
s2tld_002818.jpg,no_sign
s2tld_002819.jpg,no_sign
s2tld_002820.jpg,no_sign
s2tld_002821.jpg,no_sign
s2tld_002822.jpg,no_sign
s2tld_002823.jpg,no_sign
s2tld_002824.jpg,no_sign
s2tld_002825.jpg,no_sign
s2tld_002826.jpg,no_sign
s2tld_002827.jpg,no_sign
s2tld_002828.jpg,no_sign
s2tld_002829.jpg,no_sign
s2tld_002830.jpg,no_sign
s2tld_002831.jpg,no_sign
s2tld_002832.jpg,no_sign
s2tld_002833.jpg,no_sign
s2tld_002834.jpg,no_sign
s2tld_002835.jpg,no_sign
s2tld_002836.jpg,no_sign
s2tld_002837.jpg,no_sign
s2tld_002838.jpg,no_sign
s2tld_002839.jpg,no_sign
s2tld_002840.jpg,no_sign
s2tld_002841.jpg,no_sign
s2tld_002842.jpg,no_sign
s2tld_002843.jpg,no_sign
s2tld_002844.jpg,no_sign
s2tld_002845.jpg,no_sign
s2tld_002846.jpg,no_sign
s2tld_002847.jpg,no_sign
s2tld_002848.jpg,no_sign
s2tld_002849.jpg,no_sign
s2tld_002850.jpg,no_sign
s2tld_002851.jpg,no_sign
s2tld_002852.jpg,no_sign
s2tld_002853.jpg,no_sign
s2tld_002854.jpg,no_sign
s2tld_002855.jpg,no_sign
s2tld_002856.jpg,no_sign
s2tld_002857.jpg,no_sign
s2tld_002858.jpg,no_sign
s2tld_002859.jpg,no_sign
s2tld_002860.jpg,no_sign
s2tld_002861.jpg,no_sign
s2tld_002862.jpg,no_sign
s2tld_002863.jpg,no_sign
s2tld_002864.jpg,no_sign
s2tld_002865.jpg,no_sign
s2tld_002866.jpg,no_sign
s2tld_002867.jpg,no_sign
s2tld_002868.jpg,no_sign
s2tld_002869.jpg,no_sign
s2tld_002870.jpg,no_sign
s2tld_002871.jpg,no_sign
s2tld_002872.jpg,no_sign
s2tld_002873.jpg,no_sign
s2tld_002874.jpg,no_sign
s2tld_002875.jpg,no_sign
s2tld_002876.jpg,no_sign
s2tld_002877.jpg,no_sign
s2tld_002878.jpg,no_sign
s2tld_002879.jpg,no_sign
s2tld_002880.jpg,no_sign
s2tld_002881.jpg,no_sign
s2tld_002882.jpg,no_sign
s2tld_002883.jpg,no_sign
s2tld_002884.jpg,no_sign
s2tld_002885.jpg,no_sign
s2tld_002886.jpg,no_sign
s2tld_002887.jpg,no_sign
s2tld_002888.jpg,no_sign
s2tld_002889.jpg,no_sign
s2tld_002890.jpg,no_sign
s2tld_002891.jpg,no_sign
s2tld_002892.jpg,no_sign
s2tld_002893.jpg,no_sign
s2tld_002894.jpg,no_sign
s2tld_002895.jpg,no_sign
s2tld_002896.jpg,no_sign
s2tld_002897.jpg,no_sign
s2tld_002898.jpg,no_sign
s2tld_002899.jpg,no_sign
s2tld_002900.jpg,no_sign
s2tld_002901.jpg,no_sign
s2tld_002902.jpg,no_sign
s2tld_002903.jpg,no_sign
s2tld_002904.jpg,no_sign
s2tld_002905.jpg,no_sign
s2tld_002906.jpg,no_sign
s2tld_002907.jpg,no_sign
s2tld_002908.jpg,no_sign
s2tld_002909.jpg,no_sign
s2tld_002910.jpg,no_sign
s2tld_002911.jpg,no_sign
s2tld_002912.jpg,no_sign
s2tld_002913.jpg,no_sign
s2tld_002914.jpg,no_sign
s2tld_002915.jpg,no_sign
s2tld_002916.jpg,no_sign
s2tld_002917.jpg,no_sign
s2tld_002918.jpg,no_sign
s2tld_002919.jpg,no_sign
s2tld_002920.jpg,no_sign
s2tld_002921.jpg,no_sign
s2tld_002922.jpg,no_sign
s2tld_002923.jpg,no_sign
s2tld_002924.jpg,no_sign
s2tld_002925.jpg,no_sign
s2tld_002926.jpg,no_sign
s2tld_002927.jpg,no_sign
s2tld_002928.jpg,no_sign
s2tld_002929.jpg,no_sign
s2tld_002930.jpg,no_sign
s2tld_002931.jpg,no_sign
s2tld_002932.jpg,no_sign
s2tld_002933.jpg,no_sign
s2tld_002934.jpg,no_sign
s2tld_002935.jpg,no_sign
s2tld_002936.jpg,no_sign
s2tld_002937.jpg,no_sign
s2tld_002938.jpg,no_sign
s2tld_002939.jpg,no_sign
s2tld_002940.jpg,no_sign
s2tld_002941.jpg,no_sign
s2tld_002942.jpg,no_sign
s2tld_002943.jpg,no_sign
s2tld_002944.jpg,no_sign
s2tld_002945.jpg,no_sign
s2tld_002946.jpg,no_sign
s2tld_002947.jpg,no_sign
s2tld_002948.jpg,no_sign
s2tld_002949.jpg,no_sign
s2tld_002951.jpg,no_sign
s2tld_002952.jpg,no_sign
s2tld_002953.jpg,no_sign
s2tld_002954.jpg,no_sign
s2tld_002955.jpg,no_sign
s2tld_002956.jpg,no_sign
s2tld_002957.jpg,no_sign
s2tld_002958.jpg,no_sign
s2tld_002959.jpg,no_sign
s2tld_002960.jpg,no_sign
s2tld_002961.jpg,no_sign
s2tld_002962.jpg,no_sign
s2tld_002963.jpg,no_sign
s2tld_002964.jpg,no_sign
s2tld_002965.jpg,no_sign
s2tld_002966.jpg,no_sign
s2tld_002967.jpg,no_sign
s2tld_002968.jpg,no_sign
s2tld_002969.jpg,no_sign
s2tld_002970.jpg,no_sign
s2tld_002971.jpg,no_sign
s2tld_002972.jpg,no_sign
s2tld_002973.jpg,no_sign
s2tld_002974.jpg,no_sign
s2tld_002975.jpg,no_sign
s2tld_002976.jpg,no_sign
s2tld_002977.jpg,no_sign
s2tld_002978.jpg,no_sign
s2tld_002979.jpg,no_sign
s2tld_002980.jpg,no_sign
s2tld_002981.jpg,no_sign
s2tld_002982.jpg,no_sign
s2tld_002983.jpg,no_sign
s2tld_002984.jpg,no_sign
s2tld_002985.jpg,no_sign
s2tld_002986.jpg,no_sign
s2tld_002987.jpg,no_sign
s2tld_002988.jpg,no_sign
s2tld_002989.jpg,no_sign
s2tld_002990.jpg,no_sign
s2tld_002991.jpg,no_sign
s2tld_002992.jpg,no_sign
s2tld_002993.jpg,no_sign
s2tld_002994.jpg,no_sign
s2tld_002995.jpg,no_sign
s2tld_002996.jpg,no_sign
s2tld_002997.jpg,no_sign
s2tld_002998.jpg,no_sign
s2tld_002999.jpg,no_sign
s2tld_003000.jpg,no_sign
s2tld_003001.jpg,no_sign
s2tld_003002.jpg,no_sign
s2tld_003003.jpg,no_sign
s2tld_003004.jpg,no_sign
s2tld_003005.jpg,no_sign
s2tld_003006.jpg,no_sign
s2tld_003007.jpg,no_sign
s2tld_003008.jpg,no_sign
s2tld_003009.jpg,no_sign
s2tld_003010.jpg,no_sign
s2tld_003011.jpg,no_sign
s2tld_003012.jpg,no_sign
s2tld_003013.jpg,no_sign
s2tld_003014.jpg,no_sign
s2tld_003015.jpg,no_sign
s2tld_003016.jpg,no_sign
s2tld_003017.jpg,no_sign
s2tld_003018.jpg,no_sign
s2tld_003019.jpg,no_sign
s2tld_003020.jpg,no_sign
s2tld_003021.jpg,no_sign
s2tld_003022.jpg,no_sign
s2tld_003023.jpg,no_sign
s2tld_003024.jpg,no_sign
s2tld_003025.jpg,no_sign
s2tld_003026.jpg,no_sign
s2tld_003027.jpg,no_sign
s2tld_003028.jpg,no_sign
s2tld_003029.jpg,no_sign
s2tld_003030.jpg,no_sign
s2tld_003031.jpg,no_sign
s2tld_003032.jpg,no_sign
s2tld_003033.jpg,no_sign
s2tld_003034.jpg,no_sign
s2tld_003035.jpg,no_sign
s2tld_003036.jpg,no_sign
s2tld_003037.jpg,no_sign
s2tld_003038.jpg,no_sign
s2tld_003039.jpg,no_sign
s2tld_003040.jpg,no_sign
s2tld_003041.jpg,no_sign
s2tld_003042.jpg,no_sign
s2tld_003043.jpg,no_sign
s2tld_003044.jpg,no_sign
s2tld_003045.jpg,no_sign
s2tld_003046.jpg,no_sign
s2tld_003047.jpg,no_sign
s2tld_003048.jpg,no_sign
s2tld_003049.jpg,no_sign
s2tld_003050.jpg,no_sign
s2tld_003051.jpg,no_sign
s2tld_003052.jpg,no_sign
s2tld_003053.jpg,no_sign
s2tld_003054.jpg,no_sign
s2tld_003055.jpg,no_sign
s2tld_003056.jpg,no_sign
s2tld_003057.jpg,no_sign
s2tld_003058.jpg,no_sign
s2tld_003059.jpg,no_sign
s2tld_003060.jpg,no_sign
s2tld_003061.jpg,no_sign
s2tld_003062.jpg,no_sign
s2tld_003063.jpg,no_sign
s2tld_003064.jpg,no_sign
s2tld_003065.jpg,no_sign
s2tld_003066.jpg,no_sign
s2tld_003067.jpg,no_sign
s2tld_003068.jpg,no_sign
s2tld_003069.jpg,no_sign
s2tld_003070.jpg,no_sign
s2tld_003071.jpg,no_sign
s2tld_003072.jpg,no_sign
s2tld_003073.jpg,no_sign
s2tld_003074.jpg,no_sign
s2tld_003075.jpg,no_sign
s2tld_003076.jpg,no_sign
s2tld_003077.jpg,no_sign
s2tld_003078.jpg,no_sign
s2tld_003079.jpg,no_sign
s2tld_003080.jpg,no_sign
s2tld_003081.jpg,no_sign
s2tld_003082.jpg,no_sign
s2tld_003083.jpg,no_sign
s2tld_003084.jpg,no_sign
s2tld_003085.jpg,no_sign
s2tld_003086.jpg,no_sign
s2tld_003087.jpg,no_sign
s2tld_003088.jpg,no_sign
s2tld_003089.jpg,no_sign
s2tld_003090.jpg,no_sign
s2tld_003091.jpg,no_sign
s2tld_003092.jpg,no_sign
s2tld_003093.jpg,no_sign
s2tld_003094.jpg,no_sign
s2tld_003095.jpg,no_sign
s2tld_003096.jpg,no_sign
s2tld_003097.jpg,no_sign
s2tld_003098.jpg,no_sign
s2tld_003099.jpg,no_sign
s2tld_003100.jpg,no_sign
s2tld_003101.jpg,no_sign
s2tld_003102.jpg,no_sign
s2tld_003103.jpg,no_sign
s2tld_003104.jpg,no_sign
s2tld_003105.jpg,no_sign
s2tld_003106.jpg,no_sign
s2tld_003107.jpg,no_sign
s2tld_003108.jpg,no_sign
s2tld_003109.jpg,no_sign
s2tld_003110.jpg,no_sign
s2tld_003111.jpg,no_sign
s2tld_003112.jpg,no_sign
s2tld_003113.jpg,no_sign
s2tld_003114.jpg,no_sign
s2tld_003115.jpg,no_sign
s2tld_003116.jpg,no_sign
s2tld_003117.jpg,no_sign
s2tld_003118.jpg,no_sign
s2tld_003119.jpg,no_sign
s2tld_003120.jpg,no_sign
s2tld_003121.jpg,no_sign
s2tld_003122.jpg,no_sign
s2tld_003123.jpg,no_sign
s2tld_003124.jpg,no_sign
s2tld_003125.jpg,no_sign
s2tld_003126.jpg,no_sign
s2tld_003127.jpg,no_sign
s2tld_003128.jpg,no_sign
s2tld_003129.jpg,no_sign
s2tld_003130.jpg,no_sign
s2tld_003131.jpg,no_sign
s2tld_003132.jpg,no_sign
s2tld_003133.jpg,no_sign
s2tld_003134.jpg,no_sign
s2tld_003135.jpg,no_sign
s2tld_003136.jpg,no_sign
s2tld_003137.jpg,no_sign
s2tld_003138.jpg,no_sign
s2tld_003139.jpg,no_sign
s2tld_003140.jpg,no_sign
s2tld_003141.jpg,no_sign
s2tld_003142.jpg,no_sign
s2tld_003143.jpg,no_sign
s2tld_003144.jpg,no_sign
s2tld_003145.jpg,no_sign
s2tld_003146.jpg,no_sign
s2tld_003147.jpg,no_sign
s2tld_003148.jpg,no_sign
s2tld_003149.jpg,no_sign
s2tld_003150.jpg,no_sign
s2tld_003151.jpg,no_sign
s2tld_003152.jpg,no_sign
s2tld_003153.jpg,no_sign
s2tld_003154.jpg,no_sign
s2tld_003155.jpg,no_sign
s2tld_003156.jpg,no_sign
s2tld_003157.jpg,no_sign
s2tld_003158.jpg,no_sign
s2tld_003159.jpg,no_sign
s2tld_003160.jpg,no_sign
s2tld_003161.jpg,no_sign
s2tld_003162.jpg,no_sign
s2tld_003163.jpg,no_sign
s2tld_003164.jpg,no_sign
s2tld_003165.jpg,no_sign
s2tld_003166.jpg,no_sign
s2tld_003167.jpg,no_sign
s2tld_003168.jpg,no_sign
s2tld_003169.jpg,no_sign
s2tld_003170.jpg,no_sign
s2tld_003171.jpg,no_sign
s2tld_003172.jpg,no_sign
s2tld_003173.jpg,no_sign
s2tld_003174.jpg,no_sign
s2tld_003175.jpg,no_sign
s2tld_003176.jpg,no_sign
s2tld_003177.jpg,no_sign
s2tld_003178.jpg,no_sign
s2tld_003179.jpg,no_sign
s2tld_003180.jpg,no_sign
s2tld_003181.jpg,no_sign
s2tld_003182.jpg,no_sign
s2tld_003183.jpg,no_sign
s2tld_003184.jpg,no_sign
s2tld_003185.jpg,no_sign
s2tld_003186.jpg,no_sign
s2tld_003187.jpg,no_sign
s2tld_003188.jpg,no_sign
s2tld_003189.jpg,no_sign
s2tld_003190.jpg,no_sign
s2tld_003191.jpg,no_sign
s2tld_003192.jpg,no_sign
s2tld_003193.jpg,no_sign
s2tld_003194.jpg,no_sign
s2tld_003195.jpg,no_sign
s2tld_003196.jpg,no_sign
s2tld_003197.jpg,no_sign
s2tld_003198.jpg,no_sign
s2tld_003199.jpg,no_sign
s2tld_003200.jpg,no_sign
s2tld_003201.jpg,no_sign
s2tld_003202.jpg,no_sign
s2tld_003203.jpg,no_sign
s2tld_003204.jpg,no_sign
s2tld_003205.jpg,no_sign
s2tld_003206.jpg,no_sign
s2tld_003207.jpg,no_sign
s2tld_003208.jpg,no_sign
s2tld_003209.jpg,no_sign
s2tld_003210.jpg,no_sign
s2tld_003211.jpg,no_sign
s2tld_003212.jpg,no_sign
s2tld_003213.jpg,no_sign
s2tld_003214.jpg,no_sign
s2tld_003215.jpg,no_sign
s2tld_003216.jpg,no_sign
s2tld_003217.jpg,no_sign
s2tld_003218.jpg,no_sign
s2tld_003219.jpg,no_sign
s2tld_003220.jpg,no_sign
s2tld_003221.jpg,no_sign
s2tld_003222.jpg,no_sign
s2tld_003223.jpg,no_sign
s2tld_003224.jpg,no_sign
s2tld_003225.jpg,no_sign
s2tld_003226.jpg,no_sign
s2tld_003227.jpg,no_sign
s2tld_003228.jpg,no_sign
s2tld_003229.jpg,no_sign
s2tld_003230.jpg,no_sign
s2tld_003231.jpg,no_sign
s2tld_003232.jpg,no_sign
s2tld_003233.jpg,no_sign
s2tld_003234.jpg,no_sign
s2tld_003235.jpg,no_sign
s2tld_003236.jpg,no_sign
s2tld_003237.jpg,no_sign
s2tld_003238.jpg,no_sign
s2tld_003239.jpg,no_sign
s2tld_003240.jpg,no_sign
s2tld_003241.jpg,no_sign
s2tld_003242.jpg,no_sign
s2tld_003243.jpg,no_sign
s2tld_003244.jpg,no_sign
s2tld_003245.jpg,no_sign
s2tld_003246.jpg,no_sign
s2tld_003247.jpg,no_sign
s2tld_003248.jpg,no_sign
s2tld_003249.jpg,no_sign
s2tld_003250.jpg,no_sign
s2tld_003251.jpg,no_sign
s2tld_003252.jpg,no_sign
s2tld_003253.jpg,no_sign
s2tld_003254.jpg,no_sign
s2tld_003255.jpg,no_sign
s2tld_003256.jpg,no_sign
s2tld_003257.jpg,no_sign
s2tld_003258.jpg,no_sign
s2tld_003259.jpg,no_sign
s2tld_003260.jpg,no_sign
s2tld_003261.jpg,no_sign
s2tld_003262.jpg,no_sign
s2tld_003263.jpg,no_sign
s2tld_003264.jpg,no_sign
s2tld_003265.jpg,no_sign
s2tld_003266.jpg,no_sign
s2tld_003267.jpg,no_sign
s2tld_003268.jpg,no_sign
s2tld_003269.jpg,no_sign
s2tld_003270.jpg,no_sign
s2tld_003271.jpg,no_sign
s2tld_003272.jpg,no_sign
s2tld_003273.jpg,no_sign
s2tld_003274.jpg,no_sign
s2tld_003275.jpg,no_sign
s2tld_003276.jpg,no_sign
s2tld_003277.jpg,no_sign
s2tld_003278.jpg,no_sign
s2tld_003279.jpg,no_sign
s2tld_003280.jpg,no_sign
s2tld_003281.jpg,no_sign
s2tld_003282.jpg,no_sign
s2tld_003283.jpg,no_sign
s2tld_003284.jpg,no_sign
s2tld_003285.jpg,no_sign
s2tld_003286.jpg,no_sign
s2tld_003287.jpg,no_sign
s2tld_003288.jpg,no_sign
s2tld_003289.jpg,no_sign
s2tld_003290.jpg,no_sign
s2tld_003291.jpg,no_sign
s2tld_003292.jpg,no_sign
s2tld_003293.jpg,no_sign
s2tld_003294.jpg,no_sign
s2tld_003295.jpg,no_sign
s2tld_003296.jpg,no_sign
s2tld_003297.jpg,no_sign
s2tld_003298.jpg,no_sign
s2tld_003299.jpg,no_sign
s2tld_003300.jpg,no_sign
s2tld_003301.jpg,no_sign
s2tld_003302.jpg,no_sign
s2tld_003303.jpg,no_sign
s2tld_003304.jpg,no_sign
s2tld_003305.jpg,no_sign
s2tld_003306.jpg,no_sign
s2tld_003307.jpg,no_sign
s2tld_003308.jpg,no_sign
s2tld_003309.jpg,no_sign
s2tld_003310.jpg,no_sign
s2tld_003311.jpg,no_sign
s2tld_003312.jpg,no_sign
s2tld_003313.jpg,no_sign
s2tld_003314.jpg,no_sign
s2tld_003315.jpg,no_sign
s2tld_003316.jpg,no_sign
s2tld_003317.jpg,no_sign
s2tld_003318.jpg,no_sign
s2tld_003319.jpg,no_sign
s2tld_003320.jpg,no_sign
s2tld_003321.jpg,no_sign
s2tld_003322.jpg,no_sign
s2tld_003323.jpg,no_sign
s2tld_003324.jpg,no_sign
s2tld_003325.jpg,no_sign
s2tld_003326.jpg,no_sign
s2tld_003327.jpg,no_sign
s2tld_003328.jpg,no_sign
s2tld_003329.jpg,no_sign
s2tld_003330.jpg,no_sign
s2tld_003331.jpg,no_sign
s2tld_003332.jpg,no_sign
s2tld_003333.jpg,no_sign
s2tld_003334.jpg,no_sign
s2tld_003335.jpg,no_sign
s2tld_003336.jpg,no_sign
s2tld_003337.jpg,no_sign
s2tld_003338.jpg,no_sign
s2tld_003339.jpg,no_sign
s2tld_003340.jpg,no_sign
s2tld_003341.jpg,no_sign
s2tld_003342.jpg,no_sign
s2tld_003343.jpg,no_sign
s2tld_003344.jpg,no_sign
s2tld_003345.jpg,no_sign
s2tld_003346.jpg,no_sign
s2tld_003347.jpg,no_sign
s2tld_003348.jpg,no_sign
s2tld_003349.jpg,no_sign
s2tld_003350.jpg,no_sign
s2tld_003351.jpg,no_sign
s2tld_003352.jpg,no_sign
s2tld_003353.jpg,no_sign
s2tld_003354.jpg,no_sign
s2tld_003355.jpg,no_sign
s2tld_003356.jpg,no_sign
s2tld_003357.jpg,no_sign
s2tld_003358.jpg,no_sign
s2tld_003359.jpg,no_sign
s2tld_003360.jpg,no_sign
s2tld_003361.jpg,no_sign
s2tld_003362.jpg,no_sign
s2tld_003363.jpg,no_sign
s2tld_003364.jpg,no_sign
s2tld_003365.jpg,no_sign
s2tld_003366.jpg,no_sign
s2tld_003367.jpg,no_sign
s2tld_003368.jpg,no_sign
s2tld_003369.jpg,no_sign
s2tld_003370.jpg,no_sign
s2tld_003371.jpg,no_sign
s2tld_003372.jpg,no_sign
s2tld_003373.jpg,no_sign
s2tld_003374.jpg,no_sign
s2tld_003375.jpg,no_sign
s2tld_003376.jpg,no_sign
s2tld_003377.jpg,no_sign
s2tld_003378.jpg,no_sign
s2tld_003379.jpg,no_sign
s2tld_003380.jpg,no_sign
s2tld_003381.jpg,no_sign
s2tld_003382.jpg,no_sign
s2tld_003383.jpg,no_sign
s2tld_003384.jpg,no_sign
s2tld_003385.jpg,no_sign
s2tld_003386.jpg,no_sign
s2tld_003387.jpg,no_sign
s2tld_003388.jpg,no_sign
s2tld_003389.jpg,no_sign
s2tld_003390.jpg,no_sign
s2tld_003391.jpg,no_sign
s2tld_003392.jpg,no_sign
s2tld_003393.jpg,no_sign
s2tld_003394.jpg,no_sign
s2tld_003395.jpg,no_sign
s2tld_003396.jpg,no_sign
s2tld_003397.jpg,no_sign
s2tld_003398.jpg,no_sign
s2tld_003399.jpg,no_sign
s2tld_003400.jpg,no_sign
s2tld_003401.jpg,no_sign
s2tld_003402.jpg,no_sign
s2tld_003403.jpg,no_sign
s2tld_003404.jpg,no_sign
s2tld_003405.jpg,no_sign
s2tld_003406.jpg,no_sign
s2tld_003407.jpg,no_sign
s2tld_003408.jpg,no_sign
s2tld_003409.jpg,no_sign
s2tld_003410.jpg,no_sign
s2tld_003411.jpg,no_sign
s2tld_003412.jpg,no_sign
s2tld_003413.jpg,no_sign
s2tld_003414.jpg,no_sign
s2tld_003415.jpg,no_sign
s2tld_003416.jpg,no_sign
s2tld_003417.jpg,no_sign
s2tld_003418.jpg,no_sign
s2tld_003419.jpg,no_sign
s2tld_003420.jpg,no_sign
s2tld_003421.jpg,no_sign
s2tld_003422.jpg,no_sign
s2tld_003423.jpg,no_sign
s2tld_003424.jpg,no_sign
s2tld_003425.jpg,no_sign
s2tld_003426.jpg,no_sign
s2tld_003427.jpg,no_sign
s2tld_003428.jpg,no_sign
s2tld_003429.jpg,no_sign
s2tld_003430.jpg,no_sign
s2tld_003431.jpg,no_sign
s2tld_003432.jpg,no_sign
s2tld_003433.jpg,no_sign
s2tld_003434.jpg,no_sign
s2tld_003435.jpg,no_sign
s2tld_003436.jpg,no_sign
s2tld_003437.jpg,no_sign
s2tld_003438.jpg,no_sign
s2tld_003439.jpg,no_sign
s2tld_003440.jpg,no_sign
s2tld_003441.jpg,no_sign
s2tld_003442.jpg,no_sign
s2tld_003443.jpg,no_sign
s2tld_003444.jpg,no_sign
s2tld_003445.jpg,no_sign
s2tld_003446.jpg,no_sign
s2tld_003447.jpg,no_sign
s2tld_003448.jpg,no_sign
s2tld_003449.jpg,no_sign
s2tld_003450.jpg,no_sign
s2tld_003451.jpg,no_sign
s2tld_003452.jpg,no_sign
s2tld_003453.jpg,no_sign
s2tld_003454.jpg,no_sign
s2tld_003455.jpg,no_sign
s2tld_003456.jpg,no_sign
s2tld_003457.jpg,no_sign
s2tld_003458.jpg,no_sign
s2tld_003459.jpg,no_sign
s2tld_003460.jpg,no_sign
s2tld_003461.jpg,no_sign
s2tld_003462.jpg,no_sign
s2tld_003463.jpg,no_sign
s2tld_003464.jpg,no_sign
s2tld_003465.jpg,no_sign
s2tld_003466.jpg,no_sign
s2tld_003467.jpg,no_sign
s2tld_003468.jpg,no_sign
s2tld_003469.jpg,no_sign
s2tld_003470.jpg,no_sign
s2tld_003471.jpg,no_sign
s2tld_003472.jpg,no_sign
s2tld_003473.jpg,no_sign
s2tld_003474.jpg,no_sign
s2tld_003475.jpg,no_sign
s2tld_003476.jpg,no_sign
s2tld_003477.jpg,no_sign
s2tld_003478.jpg,no_sign
s2tld_003479.jpg,no_sign
s2tld_003480.jpg,no_sign
s2tld_003481.jpg,no_sign
s2tld_003482.jpg,no_sign
s2tld_003483.jpg,no_sign
s2tld_003484.jpg,no_sign
s2tld_003485.jpg,no_sign
s2tld_003486.jpg,no_sign
s2tld_003487.jpg,no_sign
s2tld_003488.jpg,no_sign
s2tld_003489.jpg,no_sign
s2tld_003490.jpg,no_sign
s2tld_003491.jpg,no_sign
s2tld_003492.jpg,no_sign
s2tld_003493.jpg,no_sign
s2tld_003494.jpg,no_sign
s2tld_003495.jpg,no_sign
s2tld_003496.jpg,no_sign
s2tld_003497.jpg,no_sign
s2tld_003498.jpg,no_sign
s2tld_003499.jpg,no_sign
s2tld_003500.jpg,no_sign
s2tld_003501.jpg,no_sign
s2tld_003502.jpg,no_sign
s2tld_003503.jpg,no_sign
s2tld_003504.jpg,no_sign
s2tld_003505.jpg,no_sign
s2tld_003506.jpg,no_sign
s2tld_003507.jpg,no_sign
s2tld_003508.jpg,no_sign
s2tld_003509.jpg,no_sign
s2tld_003510.jpg,no_sign
s2tld_003511.jpg,no_sign
s2tld_003512.jpg,no_sign
s2tld_003513.jpg,no_sign
s2tld_003514.jpg,no_sign
s2tld_003515.jpg,no_sign
s2tld_003516.jpg,no_sign
s2tld_003517.jpg,no_sign
s2tld_003518.jpg,no_sign
s2tld_003519.jpg,no_sign
s2tld_003520.jpg,no_sign
s2tld_003521.jpg,no_sign
s2tld_003522.jpg,no_sign
s2tld_003523.jpg,no_sign
s2tld_003524.jpg,no_sign
s2tld_003525.jpg,no_sign
s2tld_003526.jpg,no_sign
s2tld_003527.jpg,no_sign
s2tld_003528.jpg,no_sign
s2tld_003529.jpg,no_sign
s2tld_003530.jpg,no_sign
s2tld_003531.jpg,no_sign
s2tld_003532.jpg,no_sign
s2tld_003533.jpg,no_sign
s2tld_003534.jpg,no_sign
s2tld_003535.jpg,no_sign
s2tld_003536.jpg,no_sign
s2tld_003537.jpg,no_sign
s2tld_003538.jpg,no_sign
s2tld_003539.jpg,no_sign
s2tld_003540.jpg,no_sign
s2tld_003541.jpg,no_sign
s2tld_003542.jpg,no_sign
s2tld_003543.jpg,no_sign
s2tld_003544.jpg,no_sign
s2tld_003545.jpg,no_sign
s2tld_003546.jpg,no_sign
s2tld_003547.jpg,no_sign
s2tld_003548.jpg,no_sign
s2tld_003549.jpg,no_sign
s2tld_003550.jpg,no_sign
s2tld_003551.jpg,no_sign
s2tld_003552.jpg,no_sign
s2tld_003553.jpg,no_sign
s2tld_003554.jpg,no_sign
s2tld_003555.jpg,no_sign
s2tld_003556.jpg,no_sign
s2tld_003557.jpg,no_sign
s2tld_003558.jpg,no_sign
s2tld_003559.jpg,no_sign
s2tld_003560.jpg,no_sign
s2tld_003561.jpg,no_sign
s2tld_003562.jpg,no_sign
s2tld_003563.jpg,no_sign
s2tld_003564.jpg,no_sign
s2tld_003565.jpg,no_sign
s2tld_003566.jpg,no_sign
s2tld_003567.jpg,no_sign
s2tld_003568.jpg,no_sign
s2tld_003569.jpg,no_sign
s2tld_003570.jpg,no_sign
s2tld_003571.jpg,no_sign
s2tld_003572.jpg,no_sign
s2tld_003573.jpg,no_sign
s2tld_003574.jpg,no_sign
s2tld_003575.jpg,no_sign
s2tld_003576.jpg,no_sign
s2tld_003577.jpg,no_sign
s2tld_003578.jpg,no_sign
s2tld_003579.jpg,no_sign
s2tld_003580.jpg,no_sign
s2tld_003581.jpg,no_sign
s2tld_003582.jpg,no_sign
s2tld_003583.jpg,no_sign
s2tld_003584.jpg,no_sign
s2tld_003585.jpg,no_sign
s2tld_003586.jpg,no_sign
s2tld_003587.jpg,no_sign
s2tld_003588.jpg,no_sign
s2tld_003589.jpg,no_sign
s2tld_003590.jpg,no_sign
s2tld_003591.jpg,no_sign
s2tld_003592.jpg,no_sign
s2tld_003593.jpg,no_sign
s2tld_003594.jpg,no_sign
s2tld_003595.jpg,no_sign
s2tld_003596.jpg,no_sign
s2tld_003597.jpg,no_sign
s2tld_003598.jpg,no_sign
s2tld_003599.jpg,no_sign
s2tld_003600.jpg,no_sign
s2tld_003601.jpg,no_sign
s2tld_003602.jpg,no_sign
s2tld_003603.jpg,no_sign
s2tld_003604.jpg,no_sign
s2tld_003605.jpg,no_sign
s2tld_003606.jpg,no_sign
s2tld_003607.jpg,no_sign
s2tld_003608.jpg,no_sign
s2tld_003609.jpg,no_sign
s2tld_003610.jpg,no_sign
s2tld_003611.jpg,no_sign
s2tld_003612.jpg,no_sign
s2tld_003613.jpg,no_sign
s2tld_003614.jpg,no_sign
s2tld_003615.jpg,no_sign
s2tld_003616.jpg,no_sign
s2tld_003617.jpg,no_sign
s2tld_003618.jpg,no_sign
s2tld_003619.jpg,no_sign
s2tld_003620.jpg,no_sign
s2tld_003621.jpg,no_sign
s2tld_003622.jpg,no_sign
s2tld_003623.jpg,no_sign
s2tld_003624.jpg,no_sign
s2tld_003625.jpg,no_sign
s2tld_003626.jpg,no_sign
s2tld_003627.jpg,no_sign
s2tld_003628.jpg,no_sign
s2tld_003629.jpg,no_sign
s2tld_003630.jpg,no_sign
s2tld_003631.jpg,no_sign
s2tld_003632.jpg,no_sign
s2tld_003633.jpg,no_sign
s2tld_003634.jpg,no_sign
s2tld_003635.jpg,no_sign
s2tld_003636.jpg,no_sign
s2tld_003637.jpg,no_sign
s2tld_003638.jpg,no_sign
s2tld_003639.jpg,no_sign
s2tld_003640.jpg,no_sign
s2tld_003641.jpg,no_sign
s2tld_003642.jpg,no_sign
s2tld_003643.jpg,no_sign
s2tld_003644.jpg,no_sign
s2tld_003645.jpg,no_sign
s2tld_003646.jpg,no_sign
s2tld_003647.jpg,no_sign
s2tld_003648.jpg,no_sign
s2tld_003649.jpg,no_sign
s2tld_003650.jpg,no_sign
s2tld_003651.jpg,no_sign
s2tld_003652.jpg,no_sign
s2tld_003653.jpg,no_sign
s2tld_003654.jpg,no_sign
s2tld_003655.jpg,no_sign
s2tld_003656.jpg,no_sign
s2tld_003657.jpg,no_sign
s2tld_003658.jpg,no_sign
s2tld_003659.jpg,no_sign
s2tld_003660.jpg,no_sign
s2tld_003661.jpg,no_sign
s2tld_003662.jpg,no_sign
s2tld_003663.jpg,no_sign
s2tld_003664.jpg,no_sign
s2tld_003665.jpg,no_sign
s2tld_003666.jpg,no_sign
s2tld_003667.jpg,no_sign
s2tld_003668.jpg,no_sign
s2tld_003669.jpg,no_sign
s2tld_003670.jpg,no_sign
s2tld_003671.jpg,no_sign
s2tld_003672.jpg,no_sign
s2tld_003673.jpg,no_sign
s2tld_003674.jpg,no_sign
s2tld_003675.jpg,no_sign
s2tld_003676.jpg,no_sign
s2tld_003677.jpg,no_sign
s2tld_003678.jpg,no_sign
s2tld_003679.jpg,no_sign
s2tld_003680.jpg,no_sign
s2tld_003681.jpg,no_sign
s2tld_003682.jpg,no_sign
s2tld_003683.jpg,no_sign
s2tld_003684.jpg,no_sign
s2tld_003685.jpg,no_sign
s2tld_003686.jpg,no_sign
s2tld_003687.jpg,no_sign
s2tld_003688.jpg,no_sign
s2tld_003689.jpg,no_sign
s2tld_003690.jpg,no_sign
s2tld_003691.jpg,no_sign
s2tld_003692.jpg,no_sign
s2tld_003693.jpg,no_sign
s2tld_003694.jpg,no_sign
s2tld_003695.jpg,no_sign
s2tld_003696.jpg,no_sign
s2tld_003697.jpg,no_sign
s2tld_003698.jpg,no_sign
s2tld_003699.jpg,no_sign
s2tld_003700.jpg,no_sign
s2tld_003701.jpg,no_sign
s2tld_003702.jpg,no_sign
s2tld_003703.jpg,no_sign
s2tld_003704.jpg,no_sign
s2tld_003705.jpg,no_sign
s2tld_003706.jpg,no_sign
s2tld_003707.jpg,no_sign
s2tld_003708.jpg,no_sign
s2tld_003709.jpg,no_sign
s2tld_003710.jpg,no_sign
s2tld_003711.jpg,no_sign
s2tld_003712.jpg,no_sign
s2tld_003713.jpg,no_sign
s2tld_003714.jpg,no_sign
s2tld_003715.jpg,no_sign
s2tld_003716.jpg,no_sign
s2tld_003717.jpg,no_sign
s2tld_003718.jpg,no_sign
s2tld_003719.jpg,no_sign
s2tld_003720.jpg,no_sign
s2tld_003721.jpg,no_sign
s2tld_003722.jpg,no_sign
s2tld_003723.jpg,no_sign
s2tld_003724.jpg,no_sign
s2tld_003725.jpg,no_sign
s2tld_003726.jpg,no_sign
s2tld_003727.jpg,no_sign
s2tld_003728.jpg,no_sign
s2tld_003729.jpg,no_sign
s2tld_003730.jpg,no_sign
s2tld_003731.jpg,no_sign
s2tld_003732.jpg,no_sign
s2tld_003733.jpg,no_sign
s2tld_003734.jpg,no_sign
s2tld_003735.jpg,no_sign
s2tld_003736.jpg,no_sign
s2tld_003737.jpg,no_sign
s2tld_003738.jpg,no_sign
s2tld_003739.jpg,no_sign
s2tld_003740.jpg,no_sign
s2tld_003741.jpg,no_sign
s2tld_003742.jpg,no_sign
s2tld_003743.jpg,no_sign
s2tld_003744.jpg,no_sign
s2tld_003745.jpg,no_sign
s2tld_003746.jpg,no_sign
s2tld_003747.jpg,no_sign
s2tld_003748.jpg,no_sign
s2tld_003749.jpg,no_sign
s2tld_003750.jpg,no_sign
s2tld_003751.jpg,no_sign
s2tld_003752.jpg,no_sign
s2tld_003753.jpg,no_sign
s2tld_003754.jpg,no_sign
s2tld_003755.jpg,no_sign
s2tld_003756.jpg,no_sign
s2tld_003757.jpg,no_sign
s2tld_003758.jpg,no_sign
s2tld_003759.jpg,no_sign
s2tld_003760.jpg,no_sign
s2tld_003761.jpg,no_sign
s2tld_003762.jpg,no_sign
s2tld_003763.jpg,no_sign
s2tld_003764.jpg,no_sign
s2tld_003765.jpg,no_sign
s2tld_003766.jpg,no_sign
s2tld_003767.jpg,no_sign
s2tld_003768.jpg,no_sign
s2tld_003769.jpg,no_sign
s2tld_003770.jpg,no_sign
s2tld_003771.jpg,no_sign
s2tld_003772.jpg,no_sign
s2tld_003773.jpg,no_sign
s2tld_003774.jpg,no_sign
s2tld_003775.jpg,no_sign
s2tld_003776.jpg,no_sign
s2tld_003777.jpg,no_sign
s2tld_003778.jpg,no_sign
s2tld_003779.jpg,no_sign
s2tld_003780.jpg,no_sign
s2tld_003781.jpg,no_sign
s2tld_003782.jpg,no_sign
s2tld_003783.jpg,no_sign
s2tld_003784.jpg,no_sign
s2tld_003785.jpg,no_sign
s2tld_003786.jpg,no_sign
s2tld_003787.jpg,no_sign
s2tld_003788.jpg,no_sign
s2tld_003789.jpg,no_sign
s2tld_003790.jpg,no_sign
s2tld_003791.jpg,no_sign
s2tld_003792.jpg,no_sign
s2tld_003793.jpg,no_sign
s2tld_003794.jpg,no_sign
s2tld_003795.jpg,no_sign
s2tld_003796.jpg,no_sign
s2tld_003797.jpg,no_sign
s2tld_003798.jpg,no_sign
s2tld_003799.jpg,no_sign
s2tld_003800.jpg,no_sign
s2tld_003801.jpg,no_sign
s2tld_003802.jpg,no_sign
s2tld_003803.jpg,no_sign
s2tld_003804.jpg,no_sign
s2tld_003805.jpg,no_sign
s2tld_003806.jpg,no_sign
s2tld_003807.jpg,no_sign
s2tld_003808.jpg,no_sign
s2tld_003809.jpg,no_sign
s2tld_003810.jpg,no_sign
s2tld_003811.jpg,no_sign
s2tld_003812.jpg,no_sign
s2tld_003813.jpg,no_sign
s2tld_003814.jpg,no_sign
s2tld_003815.jpg,no_sign
s2tld_003816.jpg,no_sign
s2tld_003817.jpg,no_sign
s2tld_003818.jpg,no_sign
s2tld_003819.jpg,no_sign
s2tld_003820.jpg,no_sign
s2tld_003821.jpg,no_sign
s2tld_003822.jpg,no_sign
s2tld_003823.jpg,no_sign
s2tld_003824.jpg,no_sign
s2tld_003825.jpg,no_sign
s2tld_003826.jpg,no_sign
s2tld_003827.jpg,no_sign
s2tld_003828.jpg,no_sign
s2tld_003829.jpg,no_sign
s2tld_003830.jpg,no_sign
s2tld_003831.jpg,no_sign
s2tld_003832.jpg,no_sign
s2tld_003833.jpg,no_sign
s2tld_003834.jpg,no_sign
s2tld_003835.jpg,no_sign
s2tld_003836.jpg,no_sign
s2tld_003837.jpg,no_sign
s2tld_003838.jpg,no_sign
s2tld_003839.jpg,no_sign
s2tld_003840.jpg,no_sign
s2tld_003841.jpg,no_sign
s2tld_003842.jpg,no_sign
s2tld_003843.jpg,no_sign
s2tld_003844.jpg,no_sign
s2tld_003845.jpg,no_sign
s2tld_003846.jpg,no_sign
s2tld_003847.jpg,no_sign
s2tld_003848.jpg,no_sign
s2tld_003849.jpg,no_sign
s2tld_003850.jpg,no_sign
s2tld_003851.jpg,no_sign
s2tld_003852.jpg,no_sign
s2tld_003853.jpg,no_sign
s2tld_003854.jpg,no_sign
s2tld_003855.jpg,no_sign
s2tld_003856.jpg,no_sign
s2tld_003857.jpg,no_sign
s2tld_003858.jpg,no_sign
s2tld_003859.jpg,no_sign
s2tld_003860.jpg,no_sign
s2tld_003861.jpg,no_sign
s2tld_003862.jpg,no_sign
s2tld_003863.jpg,no_sign
s2tld_003864.jpg,no_sign
s2tld_003865.jpg,no_sign
s2tld_003866.jpg,no_sign
s2tld_003867.jpg,no_sign
s2tld_003868.jpg,no_sign
s2tld_003869.jpg,no_sign
s2tld_003870.jpg,no_sign
s2tld_003871.jpg,no_sign
s2tld_003872.jpg,no_sign
s2tld_003873.jpg,no_sign
s2tld_003874.jpg,no_sign
s2tld_003875.jpg,no_sign
s2tld_003876.jpg,no_sign
s2tld_003877.jpg,no_sign
s2tld_003878.jpg,no_sign
s2tld_003879.jpg,no_sign
s2tld_003880.jpg,no_sign
s2tld_003881.jpg,no_sign
s2tld_003882.jpg,no_sign
s2tld_003883.jpg,no_sign
s2tld_003884.jpg,no_sign
s2tld_003885.jpg,no_sign
s2tld_003886.jpg,no_sign
s2tld_003887.jpg,no_sign
s2tld_003888.jpg,no_sign
s2tld_003889.jpg,no_sign
s2tld_003890.jpg,no_sign
s2tld_003891.jpg,no_sign
s2tld_003892.jpg,no_sign
s2tld_003893.jpg,no_sign
s2tld_003894.jpg,no_sign
s2tld_003895.jpg,no_sign
s2tld_003896.jpg,no_sign
s2tld_003897.jpg,no_sign
s2tld_003898.jpg,no_sign
s2tld_003899.jpg,no_sign
s2tld_003900.jpg,no_sign
s2tld_003901.jpg,no_sign
s2tld_003902.jpg,no_sign
s2tld_003903.jpg,no_sign
s2tld_003904.jpg,no_sign
s2tld_003905.jpg,no_sign
s2tld_003906.jpg,no_sign
s2tld_003907.jpg,no_sign
s2tld_003908.jpg,no_sign
s2tld_003909.jpg,no_sign
s2tld_003910.jpg,no_sign
s2tld_003911.jpg,no_sign
s2tld_003912.jpg,no_sign
s2tld_003913.jpg,no_sign
s2tld_003914.jpg,no_sign
s2tld_003915.jpg,no_sign
s2tld_003916.jpg,no_sign
s2tld_003917.jpg,no_sign
s2tld_003918.jpg,no_sign
s2tld_003919.jpg,no_sign
s2tld_003920.jpg,no_sign
s2tld_003921.jpg,no_sign
s2tld_003922.jpg,no_sign
s2tld_003923.jpg,no_sign
s2tld_003924.jpg,no_sign
s2tld_003925.jpg,no_sign
s2tld_003926.jpg,no_sign
s2tld_003927.jpg,no_sign
s2tld_003928.jpg,no_sign
s2tld_003929.jpg,no_sign
s2tld_003930.jpg,no_sign
s2tld_003931.jpg,no_sign
s2tld_003932.jpg,no_sign
s2tld_003933.jpg,no_sign
s2tld_003934.jpg,no_sign
s2tld_003935.jpg,no_sign
s2tld_003936.jpg,no_sign
s2tld_003937.jpg,no_sign
s2tld_003938.jpg,no_sign
s2tld_003939.jpg,no_sign
s2tld_003940.jpg,no_sign
s2tld_003941.jpg,no_sign
s2tld_003942.jpg,no_sign
s2tld_003943.jpg,no_sign
s2tld_003944.jpg,no_sign
s2tld_003945.jpg,no_sign
s2tld_003946.jpg,no_sign
s2tld_003947.jpg,no_sign
s2tld_003948.jpg,no_sign
s2tld_003949.jpg,no_sign
s2tld_003950.jpg,no_sign
s2tld_003951.jpg,no_sign
s2tld_003952.jpg,no_sign
s2tld_003953.jpg,no_sign
s2tld_003954.jpg,no_sign
s2tld_003955.jpg,no_sign
s2tld_003956.jpg,no_sign
s2tld_003957.jpg,no_sign
s2tld_003958.jpg,no_sign
s2tld_003959.jpg,no_sign
s2tld_003960.jpg,no_sign
s2tld_003961.jpg,no_sign
s2tld_003962.jpg,no_sign
s2tld_003963.jpg,no_sign
s2tld_003964.jpg,no_sign
s2tld_003965.jpg,no_sign
s2tld_003966.jpg,no_sign
s2tld_003967.jpg,no_sign
s2tld_003968.jpg,no_sign
s2tld_003969.jpg,no_sign
s2tld_003970.jpg,no_sign
s2tld_003971.jpg,no_sign
s2tld_003972.jpg,no_sign
s2tld_003973.jpg,no_sign
s2tld_003974.jpg,no_sign
s2tld_003975.jpg,no_sign
s2tld_003976.jpg,no_sign
s2tld_003977.jpg,no_sign
s2tld_003978.jpg,no_sign
s2tld_003979.jpg,no_sign
s2tld_003980.jpg,no_sign
s2tld_003981.jpg,no_sign
s2tld_003982.jpg,no_sign
s2tld_003983.jpg,no_sign
s2tld_003984.jpg,no_sign
s2tld_003985.jpg,no_sign
s2tld_003986.jpg,no_sign
s2tld_003987.jpg,no_sign
s2tld_003988.jpg,no_sign
s2tld_003989.jpg,no_sign
s2tld_003990.jpg,no_sign
s2tld_003991.jpg,no_sign
s2tld_003992.jpg,no_sign
s2tld_003993.jpg,no_sign
s2tld_003994.jpg,no_sign
s2tld_003995.jpg,no_sign
s2tld_003996.jpg,no_sign
s2tld_003997.jpg,no_sign
s2tld_003998.jpg,no_sign
s2tld_003999.jpg,no_sign
s2tld_004000.jpg,no_sign
s2tld_004001.jpg,no_sign
s2tld_004002.jpg,no_sign
s2tld_004003.jpg,no_sign
s2tld_004004.jpg,no_sign
s2tld_004005.jpg,no_sign
s2tld_004006.jpg,no_sign
s2tld_004007.jpg,no_sign
s2tld_004008.jpg,no_sign
s2tld_004009.jpg,no_sign
s2tld_004010.jpg,no_sign
s2tld_004011.jpg,no_sign
s2tld_004012.jpg,no_sign
s2tld_004013.jpg,no_sign
s2tld_004014.jpg,no_sign
s2tld_004015.jpg,no_sign
s2tld_004016.jpg,no_sign
s2tld_004017.jpg,no_sign
s2tld_004018.jpg,no_sign
s2tld_004019.jpg,no_sign
s2tld_004020.jpg,no_sign
s2tld_004021.jpg,no_sign
s2tld_004022.jpg,no_sign
s2tld_004023.jpg,no_sign
s2tld_004024.jpg,no_sign
s2tld_004025.jpg,no_sign
s2tld_004026.jpg,no_sign
s2tld_004027.jpg,no_sign
s2tld_004028.jpg,no_sign
s2tld_004029.jpg,no_sign
s2tld_004030.jpg,no_sign
s2tld_004031.jpg,no_sign
s2tld_004032.jpg,no_sign
s2tld_004033.jpg,no_sign
s2tld_004034.jpg,no_sign
s2tld_004035.jpg,no_sign
s2tld_004036.jpg,no_sign
s2tld_004037.jpg,no_sign
s2tld_004038.jpg,no_sign
s2tld_004039.jpg,no_sign
s2tld_004040.jpg,no_sign
s2tld_004041.jpg,no_sign
s2tld_004042.jpg,no_sign
s2tld_004043.jpg,no_sign
s2tld_004044.jpg,no_sign
s2tld_004045.jpg,no_sign
s2tld_004046.jpg,no_sign
s2tld_004047.jpg,no_sign
s2tld_004048.jpg,no_sign
s2tld_004049.jpg,no_sign
s2tld_004050.jpg,no_sign
s2tld_004051.jpg,no_sign
s2tld_004052.jpg,no_sign
s2tld_004053.jpg,no_sign
s2tld_004054.jpg,no_sign
s2tld_004055.jpg,no_sign
s2tld_004056.jpg,no_sign
s2tld_004057.jpg,no_sign
s2tld_004058.jpg,no_sign
s2tld_004059.jpg,no_sign
s2tld_004060.jpg,no_sign
s2tld_004061.jpg,no_sign
s2tld_004062.jpg,no_sign
s2tld_004063.jpg,no_sign
s2tld_004064.jpg,no_sign
s2tld_004065.jpg,no_sign
s2tld_004066.jpg,no_sign
s2tld_004067.jpg,no_sign
s2tld_004068.jpg,no_sign
s2tld_004069.jpg,no_sign
s2tld_004070.jpg,no_sign
s2tld_004071.jpg,no_sign
s2tld_004072.jpg,no_sign
s2tld_004073.jpg,no_sign
s2tld_004074.jpg,no_sign
s2tld_004075.jpg,no_sign
s2tld_004076.jpg,no_sign
s2tld_004077.jpg,no_sign
s2tld_004078.jpg,no_sign
s2tld_004079.jpg,no_sign
s2tld_004080.jpg,no_sign
s2tld_004081.jpg,no_sign
s2tld_004082.jpg,no_sign
s2tld_004083.jpg,no_sign
s2tld_004084.jpg,no_sign
s2tld_004085.jpg,no_sign
s2tld_004086.jpg,no_sign
s2tld_004087.jpg,no_sign
s2tld_004088.jpg,no_sign
s2tld_004089.jpg,no_sign
s2tld_004090.jpg,no_sign
s2tld_004091.jpg,no_sign
s2tld_004092.jpg,no_sign
s2tld_004093.jpg,no_sign
s2tld_004094.jpg,no_sign
s2tld_004095.jpg,no_sign
s2tld_004096.jpg,no_sign
s2tld_004097.jpg,no_sign
s2tld_004098.jpg,no_sign
s2tld_004099.jpg,no_sign
s2tld_004100.jpg,no_sign
s2tld_004101.jpg,no_sign
s2tld_004102.jpg,no_sign
s2tld_004103.jpg,no_sign
s2tld_004104.jpg,no_sign
s2tld_004105.jpg,no_sign
s2tld_004106.jpg,no_sign
s2tld_004107.jpg,no_sign
s2tld_004108.jpg,no_sign
s2tld_004109.jpg,no_sign
s2tld_004110.jpg,no_sign
s2tld_004111.jpg,no_sign
s2tld_004112.jpg,no_sign
s2tld_004113.jpg,no_sign
s2tld_004114.jpg,no_sign
s2tld_004115.jpg,no_sign
s2tld_004116.jpg,no_sign
s2tld_004117.jpg,no_sign
s2tld_004118.jpg,no_sign
s2tld_004119.jpg,no_sign
s2tld_004120.jpg,no_sign
s2tld_004121.jpg,no_sign
s2tld_004122.jpg,no_sign
s2tld_004123.jpg,no_sign
s2tld_004124.jpg,no_sign
s2tld_004125.jpg,no_sign
s2tld_004126.jpg,no_sign
s2tld_004127.jpg,no_sign
s2tld_004128.jpg,no_sign
s2tld_004129.jpg,no_sign
s2tld_004130.jpg,no_sign
s2tld_004131.jpg,no_sign
s2tld_004132.jpg,no_sign
s2tld_004133.jpg,no_sign
s2tld_004134.jpg,no_sign
s2tld_004135.jpg,no_sign
s2tld_004136.jpg,no_sign
s2tld_004137.jpg,no_sign
s2tld_004138.jpg,no_sign
s2tld_004139.jpg,no_sign
s2tld_004140.jpg,no_sign
s2tld_004141.jpg,no_sign
s2tld_004142.jpg,no_sign
s2tld_004143.jpg,no_sign
s2tld_004144.jpg,no_sign
s2tld_004145.jpg,no_sign
s2tld_004146.jpg,no_sign
s2tld_004147.jpg,no_sign
s2tld_004148.jpg,no_sign
s2tld_004149.jpg,no_sign
s2tld_004150.jpg,no_sign
s2tld_004151.jpg,no_sign
s2tld_004152.jpg,no_sign
s2tld_004153.jpg,no_sign
s2tld_004154.jpg,no_sign
s2tld_004155.jpg,no_sign
s2tld_004156.jpg,no_sign
s2tld_004157.jpg,no_sign
s2tld_004158.jpg,no_sign
s2tld_004159.jpg,no_sign
s2tld_004160.jpg,no_sign
s2tld_004161.jpg,no_sign
s2tld_004162.jpg,no_sign
s2tld_004163.jpg,no_sign
s2tld_004164.jpg,no_sign
s2tld_004165.jpg,no_sign
s2tld_004166.jpg,no_sign
s2tld_004167.jpg,no_sign
s2tld_004168.jpg,no_sign
s2tld_004169.jpg,no_sign
s2tld_004170.jpg,no_sign
s2tld_004171.jpg,no_sign
s2tld_004172.jpg,no_sign
s2tld_004173.jpg,no_sign
s2tld_004174.jpg,no_sign
s2tld_004175.jpg,no_sign
s2tld_004176.jpg,no_sign
s2tld_004177.jpg,no_sign
s2tld_004178.jpg,no_sign
s2tld_004179.jpg,no_sign
s2tld_004180.jpg,no_sign
s2tld_004181.jpg,no_sign
s2tld_004182.jpg,no_sign
s2tld_004183.jpg,no_sign
s2tld_004184.jpg,no_sign
s2tld_004185.jpg,no_sign
s2tld_004186.jpg,no_sign
s2tld_004187.jpg,no_sign
s2tld_004188.jpg,no_sign
s2tld_004189.jpg,no_sign
s2tld_004190.jpg,no_sign
s2tld_004191.jpg,no_sign
s2tld_004192.jpg,no_sign
s2tld_004193.jpg,no_sign
s2tld_004194.jpg,no_sign
s2tld_004195.jpg,no_sign
s2tld_004196.jpg,no_sign
s2tld_004197.jpg,no_sign
s2tld_004198.jpg,no_sign
s2tld_004199.jpg,no_sign
s2tld_004200.jpg,no_sign
s2tld_004201.jpg,no_sign
s2tld_004202.jpg,no_sign
s2tld_004203.jpg,no_sign
s2tld_004204.jpg,no_sign
s2tld_004205.jpg,no_sign
s2tld_004206.jpg,no_sign
s2tld_004207.jpg,no_sign
s2tld_004208.jpg,no_sign
s2tld_004209.jpg,no_sign
s2tld_004210.jpg,no_sign
s2tld_004211.jpg,no_sign
s2tld_004212.jpg,no_sign
s2tld_004213.jpg,no_sign
s2tld_004214.jpg,no_sign
s2tld_004215.jpg,no_sign
s2tld_004216.jpg,no_sign
s2tld_004217.jpg,no_sign
s2tld_004218.jpg,no_sign
s2tld_004219.jpg,no_sign
s2tld_004220.jpg,no_sign
s2tld_004221.jpg,no_sign
s2tld_004222.jpg,no_sign
s2tld_004223.jpg,no_sign
s2tld_004224.jpg,no_sign
s2tld_004225.jpg,no_sign
s2tld_004226.jpg,no_sign
s2tld_004227.jpg,no_sign
s2tld_004228.jpg,no_sign
s2tld_004229.jpg,no_sign
s2tld_004230.jpg,no_sign
s2tld_004231.jpg,no_sign
s2tld_004232.jpg,no_sign
s2tld_004233.jpg,no_sign
s2tld_004234.jpg,no_sign
s2tld_004235.jpg,no_sign
s2tld_004236.jpg,no_sign
s2tld_004237.jpg,no_sign
s2tld_004238.jpg,no_sign
s2tld_004239.jpg,no_sign
s2tld_004240.jpg,no_sign
s2tld_004241.jpg,no_sign
s2tld_004242.jpg,no_sign
s2tld_004243.jpg,no_sign
s2tld_004244.jpg,no_sign
s2tld_004245.jpg,no_sign
s2tld_004246.jpg,no_sign
s2tld_004247.jpg,no_sign
s2tld_004248.jpg,no_sign
s2tld_004249.jpg,no_sign
s2tld_004250.jpg,no_sign
s2tld_004251.jpg,no_sign
s2tld_004252.jpg,no_sign
s2tld_004253.jpg,no_sign
s2tld_004254.jpg,no_sign
s2tld_004255.jpg,no_sign
s2tld_004256.jpg,no_sign
s2tld_004257.jpg,no_sign
s2tld_004258.jpg,no_sign
s2tld_004259.jpg,no_sign
s2tld_004260.jpg,no_sign
s2tld_004261.jpg,no_sign
s2tld_004262.jpg,no_sign
s2tld_004263.jpg,no_sign
s2tld_004264.jpg,no_sign
s2tld_004265.jpg,no_sign
s2tld_004266.jpg,no_sign
s2tld_004267.jpg,no_sign
s2tld_004268.jpg,no_sign
s2tld_004269.jpg,no_sign
s2tld_004270.jpg,no_sign
s2tld_004271.jpg,no_sign
s2tld_004272.jpg,no_sign
s2tld_004273.jpg,no_sign
s2tld_004274.jpg,no_sign
s2tld_004275.jpg,no_sign
s2tld_004276.jpg,no_sign
s2tld_004277.jpg,no_sign
s2tld_004278.jpg,no_sign
s2tld_004279.jpg,no_sign
s2tld_004280.jpg,no_sign
s2tld_004281.jpg,no_sign
s2tld_004282.jpg,no_sign
s2tld_004283.jpg,no_sign
s2tld_004284.jpg,no_sign
s2tld_004285.jpg,no_sign
s2tld_004286.jpg,no_sign
s2tld_004287.jpg,no_sign
s2tld_004288.jpg,no_sign
s2tld_004289.jpg,no_sign
s2tld_004290.jpg,no_sign
s2tld_004291.jpg,no_sign
s2tld_004292.jpg,no_sign
s2tld_004293.jpg,no_sign
s2tld_004294.jpg,no_sign
s2tld_004295.jpg,no_sign
s2tld_004296.jpg,no_sign
s2tld_004297.jpg,no_sign
s2tld_004298.jpg,no_sign
s2tld_004299.jpg,no_sign
s2tld_004300.jpg,no_sign
s2tld_004301.jpg,no_sign
s2tld_004302.jpg,no_sign
s2tld_004303.jpg,no_sign
s2tld_004304.jpg,no_sign
s2tld_004305.jpg,no_sign
s2tld_004306.jpg,no_sign
s2tld_004307.jpg,no_sign
s2tld_004308.jpg,no_sign
s2tld_004309.jpg,no_sign
s2tld_004310.jpg,no_sign
s2tld_004311.jpg,no_sign
s2tld_004312.jpg,no_sign
s2tld_004313.jpg,no_sign
s2tld_004314.jpg,no_sign
s2tld_004315.jpg,no_sign
s2tld_004316.jpg,no_sign
s2tld_004317.jpg,no_sign
s2tld_004318.jpg,no_sign
s2tld_004319.jpg,no_sign
s2tld_004320.jpg,no_sign
s2tld_004321.jpg,no_sign
s2tld_004322.jpg,no_sign
s2tld_004323.jpg,no_sign
s2tld_004324.jpg,no_sign
s2tld_004325.jpg,no_sign
s2tld_004326.jpg,no_sign
s2tld_004327.jpg,no_sign
s2tld_004328.jpg,no_sign
s2tld_004329.jpg,no_sign
s2tld_004330.jpg,no_sign
s2tld_004331.jpg,no_sign
s2tld_004332.jpg,no_sign
s2tld_004333.jpg,no_sign
s2tld_004334.jpg,no_sign
s2tld_004335.jpg,no_sign
s2tld_004336.jpg,no_sign
s2tld_004337.jpg,no_sign
s2tld_004338.jpg,no_sign
s2tld_004339.jpg,no_sign
s2tld_004340.jpg,no_sign
s2tld_004341.jpg,no_sign
s2tld_004342.jpg,no_sign
s2tld_004343.jpg,no_sign
s2tld_004344.jpg,no_sign
s2tld_004345.jpg,no_sign
s2tld_004346.jpg,no_sign
s2tld_004347.jpg,no_sign
s2tld_004348.jpg,no_sign
s2tld_004349.jpg,no_sign
s2tld_004350.jpg,no_sign
s2tld_004351.jpg,no_sign
s2tld_004352.jpg,no_sign
s2tld_004353.jpg,no_sign
s2tld_004354.jpg,no_sign
s2tld_004355.jpg,no_sign
s2tld_004356.jpg,no_sign
s2tld_004357.jpg,no_sign
s2tld_004358.jpg,no_sign
s2tld_004359.jpg,no_sign
s2tld_004360.jpg,no_sign
s2tld_004361.jpg,no_sign
s2tld_004362.jpg,no_sign
s2tld_004363.jpg,no_sign
s2tld_004364.jpg,no_sign
s2tld_004365.jpg,no_sign
s2tld_004366.jpg,no_sign
s2tld_004367.jpg,no_sign
s2tld_004368.jpg,no_sign
s2tld_004369.jpg,no_sign
s2tld_004370.jpg,no_sign
s2tld_004371.jpg,no_sign
s2tld_004372.jpg,no_sign
s2tld_004373.jpg,no_sign
s2tld_004374.jpg,no_sign
s2tld_004375.jpg,no_sign
s2tld_004376.jpg,no_sign
s2tld_004377.jpg,no_sign
s2tld_004378.jpg,no_sign
s2tld_004379.jpg,no_sign
s2tld_004380.jpg,no_sign
s2tld_004381.jpg,no_sign
s2tld_004382.jpg,no_sign
s2tld_004383.jpg,no_sign
s2tld_004384.jpg,no_sign
s2tld_004385.jpg,no_sign
s2tld_004386.jpg,no_sign
s2tld_004387.jpg,no_sign
s2tld_004388.jpg,no_sign
s2tld_004389.jpg,no_sign
s2tld_004390.jpg,no_sign
s2tld_004391.jpg,no_sign
s2tld_004392.jpg,no_sign
s2tld_004393.jpg,no_sign
s2tld_004394.jpg,no_sign
s2tld_004395.jpg,no_sign
s2tld_004396.jpg,no_sign
s2tld_004397.jpg,no_sign
s2tld_004398.jpg,no_sign
s2tld_004399.jpg,no_sign
s2tld_004400.jpg,no_sign
s2tld_004401.jpg,no_sign
s2tld_004402.jpg,no_sign
s2tld_004403.jpg,no_sign
s2tld_004404.jpg,no_sign
s2tld_004405.jpg,no_sign
s2tld_004406.jpg,no_sign
s2tld_004407.jpg,no_sign
s2tld_004408.jpg,no_sign
s2tld_004409.jpg,no_sign
s2tld_004410.jpg,no_sign
s2tld_004411.jpg,no_sign
s2tld_004412.jpg,no_sign
s2tld_004413.jpg,no_sign
s2tld_004414.jpg,no_sign
s2tld_004415.jpg,no_sign
s2tld_004416.jpg,no_sign
s2tld_004417.jpg,no_sign
s2tld_004418.jpg,no_sign
s2tld_004419.jpg,no_sign
s2tld_004420.jpg,no_sign
s2tld_004421.jpg,no_sign
s2tld_004422.jpg,no_sign
s2tld_004423.jpg,no_sign
s2tld_004424.jpg,no_sign
s2tld_004425.jpg,no_sign
s2tld_004426.jpg,no_sign
s2tld_004427.jpg,no_sign
s2tld_004428.jpg,no_sign
s2tld_004429.jpg,no_sign
s2tld_004430.jpg,no_sign
s2tld_004431.jpg,no_sign
s2tld_004432.jpg,no_sign
s2tld_004433.jpg,no_sign
s2tld_004434.jpg,no_sign
s2tld_004435.jpg,no_sign
s2tld_004436.jpg,no_sign
s2tld_004437.jpg,no_sign
s2tld_004438.jpg,no_sign
s2tld_004439.jpg,no_sign
s2tld_004440.jpg,no_sign
s2tld_004441.jpg,no_sign
s2tld_004442.jpg,no_sign
s2tld_004443.jpg,no_sign
s2tld_004444.jpg,no_sign
s2tld_004445.jpg,no_sign
s2tld_004446.jpg,no_sign
s2tld_004447.jpg,no_sign
s2tld_004448.jpg,no_sign
s2tld_004449.jpg,no_sign
s2tld_004450.jpg,no_sign
s2tld_004451.jpg,no_sign
s2tld_004452.jpg,no_sign
s2tld_004453.jpg,no_sign
s2tld_004454.jpg,no_sign
s2tld_004455.jpg,no_sign
s2tld_004456.jpg,no_sign
s2tld_004457.jpg,no_sign
s2tld_004458.jpg,no_sign
s2tld_004459.jpg,no_sign
s2tld_004460.jpg,no_sign
s2tld_004461.jpg,no_sign
s2tld_004462.jpg,no_sign
s2tld_004463.jpg,no_sign
s2tld_004464.jpg,no_sign
s2tld_004465.jpg,no_sign
s2tld_004466.jpg,no_sign
s2tld_004467.jpg,no_sign
s2tld_004468.jpg,no_sign
s2tld_004469.jpg,no_sign
s2tld_004470.jpg,no_sign
s2tld_004471.jpg,no_sign
s2tld_004472.jpg,no_sign
s2tld_004473.jpg,no_sign
s2tld_004474.jpg,no_sign
s2tld_004475.jpg,no_sign
s2tld_004476.jpg,no_sign
s2tld_004477.jpg,no_sign
s2tld_004478.jpg,no_sign
s2tld_004479.jpg,no_sign
s2tld_004480.jpg,no_sign
s2tld_004481.jpg,no_sign
s2tld_004482.jpg,no_sign
s2tld_004483.jpg,no_sign
s2tld_004484.jpg,no_sign
s2tld_004485.jpg,no_sign
s2tld_004486.jpg,no_sign
s2tld_004487.jpg,no_sign
s2tld_004488.jpg,no_sign
s2tld_004489.jpg,no_sign
s2tld_004490.jpg,no_sign
s2tld_004491.jpg,no_sign
s2tld_004492.jpg,no_sign
s2tld_004493.jpg,no_sign
s2tld_004494.jpg,no_sign
s2tld_004495.jpg,no_sign
s2tld_004496.jpg,no_sign
s2tld_004497.jpg,no_sign
s2tld_004498.jpg,no_sign
s2tld_004499.jpg,no_sign
s2tld_004500.jpg,no_sign
s2tld_004501.jpg,no_sign
s2tld_004502.jpg,no_sign
s2tld_004503.jpg,no_sign
s2tld_004504.jpg,no_sign
s2tld_004505.jpg,no_sign
s2tld_004506.jpg,no_sign
s2tld_004507.jpg,no_sign
s2tld_004508.jpg,no_sign
s2tld_004509.jpg,no_sign
s2tld_004510.jpg,no_sign
s2tld_004511.jpg,no_sign
s2tld_004512.jpg,no_sign
s2tld_004513.jpg,no_sign
s2tld_004514.jpg,no_sign
s2tld_004515.jpg,no_sign
s2tld_004516.jpg,no_sign
s2tld_004517.jpg,no_sign
s2tld_004518.jpg,no_sign
s2tld_004519.jpg,no_sign
s2tld_004520.jpg,no_sign
s2tld_004521.jpg,no_sign
s2tld_004522.jpg,no_sign
s2tld_004523.jpg,no_sign
s2tld_004524.jpg,no_sign
s2tld_004525.jpg,no_sign
s2tld_004526.jpg,no_sign
s2tld_004527.jpg,no_sign
s2tld_004528.jpg,no_sign
s2tld_004529.jpg,no_sign
s2tld_004530.jpg,no_sign
s2tld_004531.jpg,no_sign
s2tld_004532.jpg,no_sign
s2tld_004533.jpg,no_sign
s2tld_004534.jpg,no_sign
s2tld_004535.jpg,no_sign
s2tld_004536.jpg,no_sign
s2tld_004537.jpg,no_sign
s2tld_004538.jpg,no_sign
s2tld_004539.jpg,no_sign
s2tld_004540.jpg,no_sign
s2tld_004541.jpg,no_sign
s2tld_004542.jpg,no_sign
s2tld_004543.jpg,no_sign
s2tld_004544.jpg,no_sign
s2tld_004545.jpg,no_sign
s2tld_004546.jpg,no_sign
s2tld_004547.jpg,no_sign
s2tld_004548.jpg,no_sign
s2tld_004549.jpg,no_sign
s2tld_004550.jpg,no_sign
s2tld_004551.jpg,no_sign
s2tld_004552.jpg,no_sign
s2tld_004553.jpg,no_sign
s2tld_004554.jpg,no_sign
s2tld_004555.jpg,no_sign
s2tld_004556.jpg,no_sign
s2tld_004557.jpg,no_sign
s2tld_004558.jpg,no_sign
s2tld_004559.jpg,no_sign
s2tld_004560.jpg,no_sign
s2tld_004561.jpg,no_sign
s2tld_004562.jpg,no_sign
s2tld_004563.jpg,no_sign
s2tld_004564.jpg,no_sign
s2tld_004565.jpg,no_sign
s2tld_004566.jpg,no_sign
